{
  "train_loss": [
    10.185366227076603,
    7.72541541319627,
    7.5311225194197435,
    7.091272931832534,
    7.131520876517663,
    6.8619064184335565,
    6.611580481896033,
    6.213132784916804,
    6.684126578844511,
    6.705319652190576,
    5.7761496763962965,
    5.636038734362676,
    5.7080601041133585,
    5.9901840870197,
    5.666464337935815,
    5.812758574118981,
    5.575784811606774,
    5.470566474474394,
    5.364537147375254,
    5.391889352064866,
    5.358406763810378
  ],
  "val_loss": [
    5.131564339001973,
    5.1521434386571245,
    5.746355851491292,
    5.612090031305949,
    8.027505874633789,
    5.556710163752238,
    5.2041709423065186,
    6.644868453343709,
    5.441048741340637,
    6.197596391042073,
    5.865869124730428,
    5.937547882397969,
    5.655929048856099,
    5.6127941608428955,
    5.619337558746338,
    5.617672602335612,
    5.388127168019612,
    5.23981769879659,
    5.349603096644084,
    5.4055482149124146,
    5.410730242729187
  ],
  "train_rmse": [
    1.4305285705358648,
    1.1665223520576178,
    1.2248914475904087,
    1.3365329508517414,
    1.144391725127308,
    1.0376020794942484,
    1.3196087378001864,
    1.1864992743649456,
    1.046885362260691,
    1.2765035870147166,
    0.8324015335182534,
    1.2774345062398458,
    0.9934789407875849,
    1.1072969450276056,
    0.9871051711252211,
    1.147091914148426,
    0.8746887402731827,
    0.7289835881686949,
    1.0492734620691189,
    1.1194966600375935,
    1.0086445294043822
  ],
  "val_rmse": [
    1.2862916702030454,
    1.2917945808734024,
    1.34495805065154,
    1.3059173543726728,
    1.434397791596227,
    1.3062882340233721,
    1.296673862532104,
    1.2018449587744837,
    1.2603781460427,
    1.4399678152514246,
    1.305141210187372,
    1.2889710827403413,
    1.3332449565844278,
    1.3579558495464135,
    1.3241870617521223,
    1.295107590834388,
    1.2812394397579525,
    1.2860399819532011,
    1.2896362877215244,
    1.303258467318369,
    1.2966135519830244
  ],
  "train_mae": [
    1.1166430711746216,
    0.9548918008804321,
    0.9697409272193909,
    1.021835446357727,
    0.9258919358253479,
    0.8571645021438599,
    1.0163533687591553,
    0.9229231476783752,
    0.7892433404922485,
    0.9626283645629883,
    0.6455250978469849,
    0.9873291254043579,
    0.7331705689430237,
    0.8251882791519165,
    0.7665217518806458,
    0.885005533695221,
    0.6871408224105835,
    0.5976054668426514,
    0.8380808234214783,
    0.8347832560539246,
    0.7636891603469849
  ],
  "val_mae": [
    1.1063661575317383,
    1.0559133291244507,
    1.0196428298950195,
    1.029567837715149,
    1.0692094564437866,
    1.0487682819366455,
    1.1177951097488403,
    0.9911327362060547,
    1.044923186302185,
    1.147271990776062,
    1.0267455577850342,
    1.0391912460327148,
    1.077473759651184,
    1.093891978263855,
    1.0581096410751343,
    1.024073600769043,
    1.0206636190414429,
    1.0512744188308716,
    1.0561587810516357,
    1.064585566520691,
    1.0696015357971191
  ],
  "train_r2": [
    -0.9479876756668091,
    -1.0740480422973633,
    -0.5551186800003052,
    -0.32102882862091064,
    -0.7391254901885986,
    -0.8254976272583008,
    -0.2586323022842407,
    -0.3977646827697754,
    -0.29351258277893066,
    -0.2496587038040161,
    -0.4832202196121216,
    -0.20993435382843018,
    -0.2238377332687378,
    -0.34810423851013184,
    -0.5131822824478149,
    -0.22953319549560547,
    -0.08243680000305176,
    -0.3480173349380493,
    -0.08646845817565918,
    -0.09618103504180908,
    -0.22996997833251953
  ],
  "val_r2": [
    -0.019329071044921875,
    -0.028069376945495605,
    -0.11443042755126953,
    -0.05067133903503418,
    -0.267578125,
    -0.05126821994781494,
    -0.0358504056930542,
    0.11011803150177002,
    0.02132779359817505,
    -0.2774416208267212,
    -0.04942286014556885,
    -0.023580074310302734,
    -0.09510409832000732,
    -0.13607442378997803,
    -0.08027470111846924,
    -0.03334939479827881,
    -0.011337518692016602,
    -0.01893031597137451,
    -0.02463686466217041,
    -0.04639732837677002,
    -0.03575396537780762
  ],
  "learning_rate": [
    0.001,
    0.001,
    0.001,
    0.001,
    0.001,
    0.001,
    0.001,
    0.001,
    0.001,
    0.001,
    0.001,
    0.0005,
    0.0005,
    0.0005,
    0.0005,
    0.0005,
    0.0005,
    0.0005,
    0.0005,
    0.0005,
    0.0005
  ],
  "epoch_times": [
    0.6979291439056396,
    0.7000331878662109,
    0.6894779205322266,
    0.7268087863922119,
    0.6923558712005615,
    0.6980383396148682,
    0.6579763889312744,
    0.6496012210845947,
    0.6990911960601807,
    0.6486430168151855,
    0.7142360210418701,
    0.7627732753753662,
    0.6955776214599609,
    0.8517143726348877,
    0.6522574424743652,
    0.6696393489837646,
    0.687659502029419,
    0.6645903587341309,
    0.7051777839660645,
    0.7286036014556885,
    0.6779489517211914
  ]
}