{
  "train_loss": [
    37.46049149831136,
    35.6331475575765,
    33.42401377360026,
    30.776158968607586,
    27.146373748779297,
    22.02770932515462,
    17.234119256337483,
    13.473183155059814,
    10.340506792068481,
    7.297565778096517,
    7.828522682189941,
    7.4442070325215655,
    6.5436333020528155,
    6.32417877515157,
    6.456653833389282,
    5.531250913937886,
    6.763347148895264,
    6.192810535430908,
    5.901216506958008,
    5.495199163754781,
    5.695429682731628,
    6.038489739100139,
    5.803688406944275,
    5.063419580459595,
    6.515241543451945,
    6.0807773272196455,
    5.673330148061116,
    5.448371847470601,
    5.655352671941121,
    5.581097761789958,
    5.305152177810669,
    6.338325579961141,
    6.063950975735982,
    6.127589702606201,
    5.040846745173137,
    5.816364049911499,
    4.974816123644511,
    5.663753350575765,
    5.775056600570679,
    4.830807646115621,
    5.8117601076761884,
    6.380420843760173,
    6.6478133996327715,
    5.850931167602539,
    5.879272858301799,
    5.687814672787984,
    5.559882918993632,
    5.336231390635173,
    5.952511707941691,
    5.443113803863525,
    5.50253148873647,
    6.03985321521759
  ],
  "val_loss": [
    32.245179176330566,
    30.698094367980957,
    29.34453582763672,
    27.393840789794922,
    23.9742374420166,
    19.17668056488037,
    13.211320877075195,
    9.729447364807129,
    7.87796425819397,
    7.664619207382202,
    5.510220050811768,
    5.007538795471191,
    4.5782328844070435,
    4.05900514125824,
    4.344852924346924,
    4.252520799636841,
    4.391360521316528,
    5.416147232055664,
    4.901815414428711,
    3.787007689476013,
    3.844144105911255,
    3.925714135169983,
    4.01620078086853,
    3.973255157470703,
    3.9063185453414917,
    5.058566331863403,
    4.1501301527023315,
    3.8410991430282593,
    4.040595531463623,
    3.904258966445923,
    3.8091890811920166,
    3.5869247913360596,
    3.6258766651153564,
    3.627820372581482,
    3.6974247694015503,
    3.710699200630188,
    3.716210126876831,
    3.7423816919326782,
    3.675508975982666,
    3.7531912326812744,
    3.9566181898117065,
    3.982405662536621,
    4.536663055419922,
    3.905274748802185,
    4.159161806106567,
    4.263438701629639,
    4.237217426300049,
    4.021699547767639,
    4.065140724182129,
    4.037542104721069,
    3.844662308692932,
    3.8455179929733276
  ],
  "train_rmse": [
    6.120497625227864,
    5.969350734657779,
    5.78135095456618,
    5.547626283299047,
    5.210218205486148,
    4.693368722030851,
    4.151399923234551,
    3.6705834247735956,
    3.215665654258164,
    2.7014004713353335,
    2.7979497283171373,
    2.728407533398272,
    2.5580526697076693,
    2.514791883803022,
    2.5409946074265295,
    2.351861269401636,
    2.6006436944980416,
    2.4885359174157133,
    2.4292420595311546,
    2.3441841232060274,
    2.386509662965864,
    2.4573338842275785,
    2.409084483640291,
    2.2502042889571197,
    2.552497228159506,
    2.4659232845145618,
    2.3818753760444387,
    2.3341746743484886,
    2.378098524550289,
    2.3624346769475424,
    2.303291441080553,
    2.517602936686793,
    2.4625088957804997,
    2.475396974112104,
    2.2451829207903837,
    2.411714072017501,
    2.2304296272975437,
    2.379863978433887,
    2.4031348933895527,
    2.197909736321056,
    2.4107591069813075,
    2.5259494620467873,
    2.578335377750519,
    2.4188700091730553,
    2.4247213065859374,
    2.384914084272549,
    2.3579402375805594,
    2.310028508163181,
    2.4397772885913227,
    2.3330482808336144,
    2.345747643142812,
    2.457611258113923
  ],
  "val_rmse": [
    5.678484131998038,
    5.54058601722838,
    5.417059351063034,
    5.233912569941814,
    4.896349399503328,
    4.379119023948004,
    3.6347380754430154,
    3.1192062074840656,
    2.806771272022305,
    2.7685049116446914,
    2.347385689224208,
    2.2377530684754277,
    2.139680528770067,
    2.0146971940295075,
    2.0844310792988394,
    2.062164048085957,
    2.095557272636076,
    2.327261847943377,
    2.214004384464654,
    1.9460235889334185,
    1.9606488991941557,
    1.9813414687934772,
    2.0040459240278885,
    1.9933024558840902,
    1.9764409084388992,
    2.249125628648792,
    2.037186852478589,
    1.95987213496197,
    2.0101231441447722,
    1.9759198979925985,
    1.9517143343157157,
    1.8939178417597897,
    1.9041734860866424,
    1.904683829875912,
    1.9228689833239858,
    1.9263174923726614,
    1.927747361159717,
    1.9345236035580926,
    1.917161760103003,
    1.9373155321474749,
    1.9891249509777955,
    1.9955966278171549,
    2.1299443784803214,
    1.9761768311594676,
    2.039402257448978,
    2.0648094887404214,
    2.0584501328579448,
    2.005417519759501,
    2.0162194137003366,
    2.0093635475698495,
    1.9607810759751385,
    1.9609991421072726
  ],
  "train_r2": [
    -7.119163513183594,
    -6.701089382171631,
    -6.218354225158691,
    -5.619688987731934,
    -4.823733329772949,
    -3.6892197132110596,
    -2.6605453491210938,
    -1.8960421085357666,
    -1.2061161994934082,
    -0.5485674738883972,
    -0.667635440826416,
    -0.5720317959785461,
    -0.39143189787864685,
    -0.33456072211265564,
    -0.37670132517814636,
    -0.15306326746940613,
    -0.4181644916534424,
    -0.3057123124599457,
    -0.2653576731681824,
    -0.1853419840335846,
    -0.19083338975906372,
    -0.29909127950668335,
    -0.24174833297729492,
    -0.07171759754419327,
    -0.39996856451034546,
    -0.29639214277267456,
    -0.2114090472459793,
    -0.1629377156496048,
    -0.22699932754039764,
    -0.19113373756408691,
    -0.14501269161701202,
    -0.3600618243217468,
    -0.27548569440841675,
    -0.29598864912986755,
    -0.06909199804067612,
    -0.239898681640625,
    -0.07780114561319351,
    -0.20580478012561798,
    -0.2537879943847656,
    -0.04654568433761597,
    -0.22547750174999237,
    -0.34111565351486206,
    -0.4244791865348816,
    -0.2266625612974167,
    -0.2266165316104889,
    -0.23191845417022705,
    -0.1854301393032074,
    -0.1256406009197235,
    -0.2700580954551697,
    -0.140640527009964,
    -0.1758878529071808,
    -0.26128503680229187
  ],
  "val_r2": [
    -6.392993927001953,
    -6.033913612365723,
    -5.719786643981934,
    -5.2430572509765625,
    -4.3887434005737305,
    -3.2725510597229004,
    -1.9251773357391357,
    -1.2152100801467896,
    -0.8477570414543152,
    -0.7699692845344543,
    -0.26816326379776,
    -0.1504204124212265,
    -0.04889476299285889,
    0.057044290006160736,
    -0.006810796447098255,
    0.011427342891693115,
    -0.014616131782531738,
    -0.22405414283275604,
    -0.12062595784664154,
    0.10892007499933243,
    0.09902467578649521,
    0.08718272298574448,
    0.06883438676595688,
    0.08116073906421661,
    0.08989395201206207,
    -0.17406266927719116,
    0.032387517392635345,
    0.10991215705871582,
    0.06979160010814667,
    0.0962558165192604,
    0.11701103299856186,
    0.16212260723114014,
    0.15804198384284973,
    0.1470506489276886,
    0.13706821203231812,
    0.13538818061351776,
    0.13712608814239502,
    0.13135886192321777,
    0.14084215462207794,
    0.12267563492059708,
    0.08253173530101776,
    0.07854272425174713,
    -0.01770874299108982,
    0.0954788476228714,
    0.014171910472214222,
    -0.018873881548643112,
    -0.004386198706924915,
    0.05285234376788139,
    0.05541783571243286,
    0.06443486362695694,
    0.09877867996692657,
    0.09588976949453354
  ],