{
  "train_metrics": {
    "pIC50_mse": 3.419742347502072,
    "pIC50_rmse": 1.84925453832134,
    "pIC50_r2": 0.46549559064842605,
    "total_mse": 3.419742347502072,
    "total_rmse": 1.84925453832134,
    "total_r2": 0.46549559064842605
  },
  "val_metrics": {
    "pIC50_mse": 4.397470597689933,
    "pIC50_rmse": 2.0970146870467867,
    "pIC50_r2": 0.3486227498405867,
    "total_mse": 4.397470597689933,
    "total_rmse": 2.0970146870467867,
    "total_r2": 0.3486227498405867
  },
  "test_metrics": {
    "pIC50_mse": 4.815552136746989,
    "pIC50_rmse": 2.194436633112697,
    "pIC50_r2": 0.2964086784503054,
    "total_mse": 4.815552136746989,
    "total_rmse": 2.194436633112697,
    "total_r2": 0.2964086784503054
  }
}