{
  "train_loss": [
    51.13337675730387,
    14.403347969055176,
    11.579946041107178,
    10.275731722513834,
    9.585393587748209,
    9.533658663431803,
    9.269049326578775,
    9.551245212554932,
    8.240241050720215,
    8.585477113723755,
    8.272165695826212,
    7.075848340988159,
    7.513830025990804,
    8.481409549713135,
    7.057353973388672,
    6.985474507013957,
    7.053693215052287,
    8.38039481639862,
    8.051591078440348,
    6.185011227925618,
    5.668576677640279,
    6.432892402013143,
    6.3436689376831055,
    7.536930282910665,
    5.455596208572388,
    4.917846163113912,
    5.84143606821696,
    5.264584143956502,
    5.558206796646118,
    5.039222757021586
  ],
  "val_loss": [
    10.99051570892334,
    6.83095908164978,
    6.917551755905151,
    7.8355872631073,
    7.711851596832275,
    7.1828224658966064,
    8.65755319595337,
    6.719915866851807,
    6.429155588150024,
    6.220887660980225,
    8.567203044891357,
    6.120076417922974,
    9.083847045898438,
    6.0672407150268555,
    8.709593772888184,
    5.207881927490234,
    11.449928760528564,
    5.518823504447937,
    8.055620431900024,
    8.035280227661133,
    6.346883773803711,
    7.39971137046814,
    5.1751086711883545,
    9.97803258895874,
    6.743220090866089,
    8.363861560821533,
    6.149965047836304,
    6.42230749130249,
    7.789713382720947,
    7.251003980636597
  ],
  "train_rmse": [
    7.150760327440575,
    3.7951743002206335,
    3.4029320472122766,
    3.2055782692683192,
    3.096028731397635,
    3.087662381369317,
    3.044511240050839,
    3.0905088150202342,
    2.8705820055731235,
    2.9300986039687285,
    2.876137218295037,
    2.660046725042013,
    2.741136659296016,
    2.912286048201703,
    2.6565679920814214,
    2.643004840420618,
    2.65587900600256,
    2.894891178543316,
    2.837532540693521,
    2.4869682165307583,
    2.380877400080455,
    2.536314618832436,
    2.518664023018145,
    2.745347074791396,
    2.335721825687076,
    2.2176217447640485,
    2.416906366847586,
    2.294468248052433,
    2.357585000602247,
    2.244821310769558
  ],
  "val_rmse": [
    3.3151945275125296,
    2.613610399441424,
    2.63012395037263,
    2.7992119429449924,
    2.7770220735226925,
    2.6800789505446185,
    2.9423719545829368,
    2.592280051779091,
    2.535578006405759,
    2.4941707361325975,
    2.92697856530049,
    2.4738787721924442,
    3.013942110575191,
    2.463176955686874,
    2.9512020894693376,
    2.2820784227300854,
    3.3837742660661343,
    2.349217662043521,
    2.8382424479740003,
    2.8346569858910855,
    2.5193023341077723,
    2.7202410938897894,
    2.2748864659076453,
    3.158802322419303,
    2.59677113533031,
    2.892034073793802,
    2.4799122584111166,
    2.5342271980433186,
    2.791005801269669,
    2.692768875907321
  ],
  "train_mae": [
    5.33551549911499,
    3.0687057971954346,
    2.8239643573760986,
    2.4764530658721924,
    2.423002004623413,
    2.5483524799346924,
    2.401370048522949,
    2.38628888130188,
    2.335583448410034,
    2.2551350593566895,
    2.2018940448760986,
    2.1578140258789062,
    2.097223997116089,
    2.2729690074920654,
    2.0751113891601562,
    2.015984535217285,
    2.0520193576812744,
    2.2669997215270996,
    2.0823183059692383,
    1.8929088115692139,
    1.8700388669967651,
    1.8000415563583374,
    2.0412750244140625,
    1.9895888566970825,
    1.7377723455429077,
    1.6290526390075684,
    1.7353907823562622,
    1.821942687034607,
    1.7357453107833862,
    1.6625897884368896
  ],
  "val_mae": [
    2.986356019973755,
    2.2165257930755615,
    2.21195387840271,
    2.4451346397399902,
    2.471200466156006,
    2.161940336227417,
    2.662139415740967,
    2.2321972846984863,
    2.1887927055358887,
    2.094355583190918,
    2.659294843673706,
    2.105745315551758,
    2.6660141944885254,
    2.0845389366149902,
    2.614629030227661,
    1.8276151418685913,
    3.045186996459961,
    1.7048873901367188,
    2.5831027030944824,
    2.5642364025115967,
    2.239532470703125,
    2.4474258422851562,
    2.0124263763427734,
    2.8441665172576904,
    2.288606643676758,
    2.5717597007751465,
    2.2198097705841064,
    2.2651829719543457,
    2.479923725128174,
    2.405582904815674
  ],
  "train_r2": [
    -6.8503241539001465,
    -1.2112946510314941,
    -0.7778279781341553,
    -0.5775966644287109,
    -0.47161149978637695,
    -0.4636688232421875,
    -0.42304420471191406,
    -0.46636855602264404,
    -0.2650948762893677,
    -0.3180978298187256,
    -0.2699960470199585,
    -0.08632969856262207,
    -0.15357160568237305,
    -0.302120566368103,
    -0.08349037170410156,
    -0.07245492935180664,
    -0.08292841911315918,
    -0.2866121530532837,
    -0.23613214492797852,
    0.050437331199645996,
    0.12972348928451538,
    0.012381017208099365,
    0.02607905864715576,
    -0.1571180820465088,
    0.16242170333862305,
    0.24498051404953003,
    0.10318499803543091,
    0.19174706935882568,
    0.14666825532913208,
    0.22634601593017578
  ],
  "val_r2": [
    -0.7422295808792114,
    -0.08285188674926758,
    -0.09657859802246094,
    -0.24210667610168457,
    -0.22249197959899902,
    -0.13862967491149902,
    -0.37240564823150635,
    -0.06524908542633057,
    -0.01915740966796875,
    0.013857424259185791,
    -0.3580833673477173,
    0.029838144779205322,
    -0.4399822950363159,
    0.03821378946304321,
    -0.38065528869628906,
    0.17444032430648804,
    -0.815056324005127,
    0.12514948844909668,
    -0.27698659896850586,
    -0.2737623453140259,
    -0.00611567497253418,
    -0.1730111837387085,
    0.1796356439590454,
    -0.581729531288147,
    -0.06894338130950928,
    -0.3258492946624756,
    0.02510017156600952,
    -0.018071889877319336,
    -0.2348346710205078,
    -0.1494377851486206
  ],
  "learning_rate": [
    0.001,
    0.001,
    0.001,
    0.001,
    0.001,
    0.001,
    0.001,
    0.001,
    0.001,
    0.001,
    0.001,
    0.001,
    0.001,
    0.001,
    0.001,
    0.001,
    0.001,
    0.001,
    0.001,
    0.001,
    0.001,
    0.001,
    0.001,
    0.001,
    0.001,
    0.001,
    0.001,
    0.001,
    0.001,
    0.001
  ],
  "epoch_times": [
    0.17782115936279297,
    0.12441253662109375,
    0.11896681785583496,
    0.11635971069335938,
    0.11489558219909668,
    0.11686325073242188,
    0.12117671966552734,
    0.11909842491149902,
    0.14497947692871094,
    0.11928200721740723,
    0.12497973442077637,
    0.12185311317443848,
    0.11489391326904297,
    0.11230850219726562,
    0.12217497825622559,
    0.1181936264038086,
    0.11257052421569824,
    0.11943364143371582,
    0.11816024780273438,
    0.11332845687866211,
    0.11901688575744629,
    0.1229696273803711,
    0.10682868957519531,
    0.12183475494384766,
    0.12366843223571777,
    0.1075749397277832,
    0.11726045608520508,
    0.11242556571960449,
    0.11972546577453613,
    0.1149744987487793
  ]
}