{
  "test_metrics": {
    "mse": 9.29467487335205,
    "rmse": 3.048716922469525,
    "r2": -1.7222185134887695
  }
}