{
  "fingerprint_dim": 2048,
  "descriptor_dim": 25,
  "target_columns": [
    "TAR_001",
    "TAR_002",
    "TAR_003",
    "TAR_004",
    "TAR_005"
  ],
  "weights": {
    "rf": 0.22033269189500576,
    "xgb": 0.0,
    "lgb": 0.0,
    "gb": 0.11851508050259445,
    "ridge": 0.6224087289472964,
    "elastic": 0.03874349865510349
  },
  "is_fitted": true
}