{
  "train_metrics": {
    "TAR_001_mse": 5.673822060832165,
    "TAR_001_rmse": 2.3819786020936804,
    "TAR_001_r2": 0.15846941113622948,
    "TAR_002_mse": 4.328219432673766,
    "TAR_002_rmse": 2.0804373176507305,
    "TAR_002_r2": -0.12942524489031548,
    "TAR_003_mse": 7.9826417874055595,
    "TAR_003_rmse": 2.825356930974485,
    "TAR_003_r2": -1.862711304194809,
    "TAR_004_mse": 18.357163393235087,
    "TAR_004_rmse": 4.284526040676504,
    "TAR_004_r2": -2.779185887786509,
    "TAR_005_mse": 0.2255615063622314,
    "TAR_005_rmse": 0.47493315988908524,
    "TAR_005_r2": 0.964322989569186,
    "total_mse": 7.313481636101763,
    "total_rmse": 2.7043449550864924,
    "total_r2": -0.7297060072332435
  },
  "val_metrics": {
    "TAR_001_mse": 5.00525329955576,
    "TAR_001_rmse": 2.23724234260747,
    "TAR_001_r2": 0.029835327640082454,
    "TAR_002_mse": 3.400819600886134,
    "TAR_002_rmse": 1.8441311235609397,
    "TAR_002_r2": -0.04033159803679687,
    "TAR_003_mse": 5.949396479559933,
    "TAR_003_rmse": 2.4391384707637926,
    "TAR_003_r2": -2.9091372933184854,
    "TAR_004_mse": 17.23510748988524,
    "TAR_004_rmse": 4.151518696800634,
    "TAR_004_r2": -5.406965222326905,
    "TAR_005_mse": 3.6350879487854297,
    "TAR_005_rmse": 1.9065906610453722,
    "TAR_005_r2": -0.0026990159896367327,
    "total_mse": 7.0451329637345,
    "total_rmse": 2.6542669352826027,
    "total_r2": -1.6658595604063475
  },
  "test_metrics": {
    "TAR_001_mse": 5.858520489783248,
    "TAR_001_rmse": 2.4204380780724897,
    "TAR_001_r2": -0.06913202247953887,
    "TAR_002_mse": 5.844026026120329,
    "TAR_002_rmse": 2.417442041936131,
    "TAR_002_r2": -0.173244251474588,
    "TAR_003_mse": 10.504874328463238,
    "TAR_003_rmse": 3.241122387146656,
    "TAR_003_r2": -2.3936384860102042,
    "TAR_004_mse": 19.926361397903847,
    "TAR_004_rmse": 4.463895316638132,
    "TAR_004_r2": -3.2048092960899544,
    "TAR_005_mse": 6.038561579775962,
    "TAR_005_rmse": 2.457348485619401,
    "TAR_005_r2": 0.10094965132412992,
    "total_mse": 9.634468764409325,
    "total_rmse": 3.1039440659279487,
    "total_r2": -1.1479748809460313
  }
}