{
  "train_loss": [
    227.57713332909805,
    1.0055019466693584,
    0.9661976377780621,
    0.9662436485290528,
    0.9658395207845247
  ],
  "val_loss": [
    2.4515624554951985,
    1.0146654097239176,
    1.0146431668599447,
    1.0146998802820841,
    1.0146972799301148
  ],
  "train_rmse": [
    15.078010139620805,
    0.9980179097550472,
    0.9831467489175899,
    0.9829769197123577,
    0.9827713695464793
  ],
  "val_rmse": [
    1.58696161286933,
    1.0069318368641327,
    1.0072949877226927,
    1.0073231536667298,
    1.0073218518967588
  ],
  "train_mae": [
    7.540654182434082,
    0.7920150756835938,
    0.780038058757782,
    0.7801907062530518,
    0.7801649570465088
  ],
  "val_mae": [
    1.2852602005004883,
    0.8353230357170105,
    0.8354103565216064,
    0.8356691002845764,
    0.8356620073318481
  ],
  "train_r2": [
    -234.4438934326172,
    -0.031516194343566895,
    -0.0010045766830444336,
    -0.0006587505340576172,
    -0.00024020671844482422
  ],
  "val_r2": [
    -1.4821014404296875,
    0.0007208585739135742,
    0.0,
    -5.5909156799316406e-05,
    -5.328655242919922e-05
  ],
  "learning_rate": [
    0.001,
    0.001,
    0.001,
    0.001,
    0.001
  ],
  "epoch_times": [
    0.9375176429748535,
    0.8717062473297119,
    0.8615720272064209,
    0.8642120361328125,
    0.8595082759857178
  ]
}