{
  "train_loss": [
    7.7393148094415665,
    5.534283233185609,
    5.206814284125964,
    5.160688112179439,
    5.062266911069552,
    5.048917606472969,
    5.037338907519977,
    4.985707712670167,
    5.046042092144489,
    5.021974220871925,
    5.029468598465125,
    5.058148143192132,
    5.022860690951347,
    5.003393006821473,
    5.037047813336055,
    5.026560810705026
  ],
  "val_loss": [
    4.503893703222275,
    4.597226269543171,
    4.569657556712627,
    4.559968858957291,
    4.566858783364296,
    4.580504223704338,
    4.58149828016758,
    4.585925564169884,
    4.587659277021885,
    4.594201296567917,
    4.592479951679707,
    4.603155925869942,
    4.604321718215942,
    4.607362002134323,
    4.6063002943992615,
    4.602184109389782
  ],
  "train_rmse": [
    1.2500771975521283,
    1.0050967390084,
    1.1271278074072397,
    0.9904691880491907,
    1.1123899405398037,
    1.0819765483373651,
    0.9734458016765635,
    0.7289156390829385,
    0.7650696043998667,
    1.041593752534357,
    0.9915577549524801,
    1.160982037148185,
    0.9568757845665464,
    0.9365738426542461,
    1.0341697742826343,
    0.8205965549393889
  ],
  "val_rmse": [
    1.1377082005372476,
    1.1416290775895797,
    1.140125844768809,
    1.1395820134147703,
    1.1397001096228199,
    1.140638325234531,
    1.1405626044778412,
    1.140689011959307,
    1.140941105766105,
    1.141584123750734,
    1.1414958816835,
    1.1423622905618183,
    1.142351072525601,
    1.1425033153594346,
    1.1424181703941656,
    1.1420747088097738
  ],
  "train_mae": [
    0.917493999004364,
    0.7564187049865723,
    0.826119601726532,
    0.7768375873565674,
    0.8679129481315613,
    0.79402756690979,
    0.7823314666748047,
    0.5425423979759216,
    0.5646446347236633,
    0.8010496497154236,
    0.763958215713501,
    0.9014708995819092,
    0.748124897480011,
    0.6749711036682129,
    0.7763484120368958,
    0.6257158517837524
  ],
  "val_mae": [
    0.9053625464439392,
    0.8838717937469482,
    0.8867291212081909,
    0.8881372213363647,
    0.8869427442550659,
    0.8854053020477295,
    0.8852399587631226,
    0.8849033117294312,
    0.8847419023513794,
    0.8842740058898926,
    0.8843351006507874,
    0.8834589123725891,
    0.8833121061325073,
    0.8830180764198303,
    0.8831031322479248,
    0.883462131023407
  ],
  "train_r2": [
    -0.6328340768814087,
    -0.08072829246520996,
    -0.047852158546447754,
    -0.040049195289611816,
    -0.05867457389831543,
    0.024136126041412354,
    0.0031660795211791992,
    -0.023523926734924316,
    -0.07596099376678467,
    -0.03311443328857422,
    -0.043184518814086914,
    0.008041620254516602,
    -0.0004898309707641602,
    -0.053858399391174316,
    -0.07077538967132568,
    -0.004718780517578125
  ],
  "val_r2": [
    -0.0024830102920532227,
    -0.009404659271240234,
    -0.006748080253601074,
    -0.005787968635559082,
    -0.0059964656829833984,
    -0.007653355598449707,
    -0.0075196027755737305,
    -0.0077430009841918945,
    -0.008188366889953613,
    -0.009325146675109863,
    -0.00916910171508789,
    -0.010701656341552734,
    -0.010681748390197754,
    -0.01095116138458252,
    -0.010800480842590332,
    -0.01019287109375
  ],
  "learning_rate": [
    0.001,
    0.001,
    0.001,
    0.001,
    0.001,
    0.001,
    0.001,
    0.001,
    0.001,
    0.001,
    0.001,
    0.0005,
    0.0005,
    0.0005,
    0.0005,
    0.0005
  ],
  "epoch_times": [
    0.27597761154174805,
    0.18141865730285645,
    0.17232656478881836,
    0.17858481407165527,
    0.18426895141601562,
    0.17013072967529297,
    0.16500163078308105,
    0.1676323413848877,
    0.17240667343139648,
    0.19792628288269043,
    0.16849803924560547,
    0.1972484588623047,
    0.18189144134521484,
    0.19106435775756836,
    0.214005708694458,
    0.1920008659362793
  ]
}