mae_mean,mae_std,rmse_mean,rmse_std,r2_mean,r2_std
1.5087467582732643,0.16645769180035208,2.0583529705285497,0.22159256465332727,0.33710188499508853,0.05600670819449928
