feature,importance,mean_value_in_high_activity
Chi3v,0.13280450887782783,3.8684729578926187
Ipc,0.054761785779782614,4633906.778868321
MinAbsEStateIndex,0.036168685505875084,0.205076388257521
Chi0,0.0341398647724707,16.907673366241802
BertzCT,0.032191431071221153,789.4454557553374
