feature,importance,mean_value_in_high_activity
feature_13,0.2120439007538937,87.04955000000002
feature_0,0.19355106662892674,326.08820000000003
feature_379,0.038040261593872395,0.2
feature_589,0.030077411958659775,0.2
feature_644,0.022561414578695732,0.3
