feature,importance,mean_value_in_high_activity
MinAbsEStateIndex,0.09129434031080744,0.18297792770673843
PEOE_VSA5,0.0602408045709111,4.769430644095257
BertzCT,0.04624116778578099,1161.474676977366
SlogP_VSA11,0.03484152386618699,5.2137036009009545
MaxAbsEStateIndex,0.032873251580582824,12.703569367586377
