feature,importance,mean_value_in_high_activity
MinAbsEStateIndex,0.07976381907996273,0.21448718741847445
HallKierAlpha,0.07467455318053559,-2.7809999999999997
Chi1v,0.06736149912225248,8.642521311654068
Kappa1,0.04776387542335768,16.871951077279938
MolMR,0.042458781173546525,98.19219000000002
