feature,importance,mean_value_in_high_activity
feature_589,0.07548100151540645,0.2
feature_3,0.047888695676437415,4.0
feature_13,0.042079900276465215,99.55272000000005
feature_12,0.04158527305169831,66.288
feature_293,0.036823714719256016,0.0
