feature,importance,mean_value_in_high_activity
feature_13,0.1913019296894133,98.19219000000002
feature_0,0.109362946723075,352.73840000000007
feature_45,0.029493378186786354,0.2
feature_12,0.028850661244241356,65.005
feature_5,0.01923538830051306,3.0
