feature,importance,mean_value_in_high_activity
feature_988,0.053305454435034184,0.0
feature_13,0.04543215836989068,122.57572999999995
feature_1,0.04020453698961361,4.512596000000003
feature_0,0.037990586994779425,447.0475000000001
feature_589,0.03543319278870686,0.2
