feature,importance,mean_value_in_high_activity
MinAbsEStateIndex,0.1278658188254548,0.21364367076494828
NOCount,0.0565447073156292,4.9
AvgIpc,0.049920307374671624,2.9189180982610345
PEOE_VSA10,0.04667954295826655,10.988621929481141
fr_term_acetylene,0.04155399130335974,0.1
