feature,importance,mean_value_in_high_activity
feature_988,0.13527292929907997,0.0
feature_13,0.058315890983508756,114.37973999999997
feature_3,0.03791697063856995,4.9
feature_570,0.0338909862074971,0.1
feature_697,0.03259508167822898,0.0
