feature,importance,mean_value_in_high_activity
MinAbsEStateIndex,0.12090519477376606,0.1862849617665129
BertzCT,0.044397213695551774,1136.4807299883819
NOCount,0.037794676275847865,5.9
PEOE_VSA7,0.031522094097851665,48.72509231660839
MaxAbsEStateIndex,0.03031509731975208,12.505229328153554
