MAE,RMSE,R2 Score,Pearson Correlation,Spearman Correlation
1.2190467542084615,1.6492059377636608,0.6026033853279511,0.7965734377227958,0.7865475016818203
