mae,rmse,r2,pearson,spearman
1.2850904584381762,1.8156298272600155,0.5183528430316344,0.7298733987537044,0.7522174970966367
