MAE,RMSE,R2 Score,Pearson Correlation,Spearman Correlation
1.2262335158010227,1.6598745890447981,0.5974452677280888,0.7902040649389572,0.7845625579560713
