mae,rmse,r2,pearson,spearman
1.2914128831987983,1.819218088176097,0.5164471864342365,0.7293618733913351,0.7470126963161307
