MAE,RMSE,R2 Score,Pearson Correlation,Spearman Correlation
1.2326676868362798,1.658327408093794,0.5981953662569733,0.7905805112356319,0.7802718567215929
