feature,importance
feature_13,0.2120439007538937
feature_0,0.19355106662892674
feature_379,0.038040261593872395
feature_589,0.030077411958659775
feature_644,0.022561414578695732
feature_4,0.0205455904896509
feature_12,0.01526822353093638
feature_8,0.012952939976998782
feature_323,0.011988873218977547
feature_828,0.010422396279124004
