feature,importance
feature_988,0.13527292929907997
feature_13,0.058315890983508756
feature_3,0.03791697063856995
feature_570,0.0338909862074971
feature_697,0.03259508167822898
feature_12,0.030899821243018266
feature_1,0.02302960453907701
feature_0,0.02134676108604299
feature_1068,0.01931644259403872
feature_589,0.019173237981740657
