feature,importance
MinAbsEStateIndex,0.07976381907996273
HallKierAlpha,0.07467455318053559
Chi1v,0.06736149912225248
Kappa1,0.04776387542335768
MolMR,0.042458781173546525
BalabanJ,0.032808242152131704
Ipc,0.027347047018086365
Kappa3,0.021344908365459814
SlogP_VSA10,0.01508621815876916
EState_VSA6,0.014349715549026976
