feature,importance
feature_589,0.07548100151540645
feature_3,0.047888695676437415
feature_13,0.042079900276465215
feature_12,0.04158527305169831
feature_293,0.036823714719256016
feature_379,0.030514667955151516
feature_0,0.023589859376084404
feature_988,0.023384315366796516
feature_923,0.02283527455636065
feature_424,0.019153622542385833
