feature,importance
MinAbsEStateIndex,0.1278658188254548
NOCount,0.0565447073156292
AvgIpc,0.049920307374671624
PEOE_VSA10,0.04667954295826655
fr_term_acetylene,0.04155399130335974
PEOE_VSA7,0.03238879939501189
MaxEStateIndex,0.026168892386327348
SMR_VSA9,0.025969908803389962
VSA_EState5,0.024753084501464448
SlogP_VSA11,0.023840820599702463
