feature,importance
feature_988,0.053305454435034184
feature_13,0.04543215836989068
feature_1,0.04020453698961361
feature_0,0.037990586994779425
feature_589,0.03543319278870686
feature_12,0.030952161900355595
feature_558,0.025387366227669197
feature_923,0.02205403699880776
feature_295,0.017503900673121464
feature_293,0.016809859971965366
