feature,importance
feature_13,0.1913019296894133
feature_0,0.109362946723075
feature_45,0.029493378186786354
feature_12,0.028850661244241356
feature_5,0.01923538830051306
feature_570,0.018894881933240074
feature_4,0.017622608638932155
feature_1,0.01564714719119747
feature_495,0.01524755906493501
feature_644,0.013349773756486775
