feature,importance
MinAbsEStateIndex,0.09129434031080744
PEOE_VSA5,0.0602408045709111
BertzCT,0.04624116778578099
SlogP_VSA11,0.03484152386618699
MaxAbsEStateIndex,0.032873251580582824
Chi4n,0.029376959248956457
MaxEStateIndex,0.028871660062451118
SlogP_VSA1,0.02276721508423539
PEOE_VSA7,0.022690846750463973
FpDensityMorgan3,0.022363591801309948
