feature,importance
Chi3v,0.13280450887782783
Ipc,0.054761785779782614
MinAbsEStateIndex,0.036168685505875084
Chi0,0.0341398647724707
BertzCT,0.032191431071221153
Chi0v,0.0320847112459459
PEOE_VSA10,0.030702091182211025
Chi3n,0.024390067963349638
Chi2n,0.023924794270086577
EState_VSA5,0.018048659503801787
