feature,importance
MinAbsEStateIndex,0.12090519477376606
BertzCT,0.044397213695551774
NOCount,0.037794676275847865
PEOE_VSA7,0.031522094097851665
MaxAbsEStateIndex,0.03031509731975208
PEOE_VSA5,0.029100758232280276
BCUT2D_LOGPHI,0.027183947058691746
SlogP_VSA11,0.023854896069649585
TPSA,0.022888656933251244
MaxEStateIndex,0.01950234557335078
