{
  "validation_metrics": {
    "target1_pIC50": {
      "mse": 1.156261157654936,
      "rmse": 1.0752958465719729,
      "r2": 0.026209074975590885
    },
    "target2_pIC50": {
      "mse": 1.3747132690330994,
      "rmse": 1.172481671086205,
      "r2": -0.023614984112366733
    },
    "target3_pIC50": {
      "mse": 1.2697225168098325,
      "rmse": 1.12681964697543,
      "r2": -0.04937422794729862
    },
    "target4_pIC50": {
      "mse": 2.743571884166209,
      "rmse": 1.6563731113991826,
      "r2": -1.3273871682392344
    },
    "target5_pIC50": {
      "mse": 1.4109300416278048,
      "rmse": 1.1878257623186175,
      "r2": 0.019189856290457552
    },
    "overall": {
      "mse": 1.5910397738583764,
      "rmse": 1.2613642510624663,
      "r2": -0.2709954898065704
    }
  },
  "test_metrics": {
    "target1_pIC50": {
      "mse": 1.3408477449454244,
      "rmse": 1.1579498024290278,
      "r2": -0.012114596604169359
    },
    "target2_pIC50": {
      "mse": 1.198658018289132,
      "rmse": 1.094832415618542,
      "r2": -0.041616849673707934
    },
    "target3_pIC50": {
      "mse": 1.3740790982094635,
      "rmse": 1.1722112003429517,
      "r2": -0.07862812282868115
    },
    "target4_pIC50": {
      "mse": 2.238703714479057,
      "rmse": 1.4962298334410582,
      "r2": -0.6690111738765439
    },
    "target5_pIC50": {
      "mse": 1.3507448941191635,
      "rmse": 1.1622155110473975,
      "r2": 0.014450377022923289
    },
    "overall": {
      "mse": 1.500606694008448,
      "rmse": 1.2249925281439262,
      "r2": -0.15738407319203543
    }
  }
}