{
  "train_loss": [
    78.67845344543457,
    7.276392976442973,
    2.2122843066851297,
    1.3929467995961506,
    1.1116166412830353,
    1.1613053381443024,
    1.3138978878657024,
    1.0898678302764893,
    1.1240137318770091,
    1.1158386866251628,
    1.051899939775467,
    1.088792473077774,
    1.0879157384236653,
    1.0178650220235188,
    1.1014040211836498,
    1.0050630966822307,
    1.0248234172662098,
    0.9820262889067332,
    1.0159658193588257,
    1.0011035700639088,
    0.9551180253426234,
    0.9847212384144465,
    0.9899678428967794,
    0.9660647213459015,
    0.9352895567814509,
    0.8966439763704935,
    0.9566077589988708,
    0.9600070416927338,
    0.931714246670405,
    0.9387447535991669
  ],
  "val_loss": [
    7.333097219467163,
    1.2822733521461487,
    1.0092169046401978,
    0.9610607624053955,
    0.9243502020835876,
    0.9040057063102722,
    0.9503043591976166,
    0.9454963207244873,
    0.9154231548309326,
    0.9673177003860474,
    1.024195820093155,
    0.9124577939510345,
    0.9172779023647308,
    1.0459485948085785,
    0.9229724109172821,
    0.9405285716056824,
    0.9113628268241882,
    0.8890940845012665,
    0.8810106217861176,
    0.882640540599823,
    0.8996987044811249,
    0.8699269890785217,
    0.9224311411380768,
    0.9029990136623383,
    0.8864805102348328,
    0.8963604271411896,
    0.8873792290687561,
    0.8995282053947449,
    0.9009100198745728,
    0.892957329750061
  ],
  "train_rmse": [
    8.870087459438375,
    2.6974789965274137,
    1.4873749784614991,
    1.1802316888359592,
    1.0543323060025775,
    1.0776387099267966,
    1.1462538843286691,
    1.0439674082488297,
    1.060195162009121,
    1.0563326402647666,
    1.0256217768663232,
    1.0434521758448978,
    1.043031954903974,
    1.0088929882598792,
    1.0494779992235126,
    1.0025283916952628,
    1.0123356297198658,
    0.9909723906207608,
    1.0079513572430543,
    1.000551667632742,
    0.9773014172260263,
    0.9923312466037463,
    0.9949712973916429,
    0.9828859298760074,
    0.9671036975156825,
    0.9469128453210801,
    0.9780632998960321,
    0.979799475347079,
    0.965253457251668,
    0.9688883959449842
  ],
  "val_rmse": [
    2.707969161761002,
    1.132375067078706,
    1.0045978820603783,
    0.9803370353101788,
    0.9614312988866874,
    0.9507921467441095,
    0.9748355702373293,
    0.9723663817353684,
    0.9567775156406935,
    0.9835230455748141,
    1.0120256466612505,
    0.9552265824155842,
    0.957746277553222,
    1.022716297225629,
    0.9607144849071002,
    0.9698085231661363,
    0.9546532495226674,
    0.942917840906059,
    0.9386216764961482,
    0.9394895106385291,
    0.9485244409471786,
    0.9326987984784619,
    0.9604327729392382,
    0.9502626495181768,
    0.9415309396057215,
    0.9467631157469472,
    0.9420081466091711,
    0.9484346078643192,
    0.9491627994578026,
    0.9449641949566454
  ],
  "train_mae": [
    6.006967544555664,
    2.022538661956787,
    1.1462997198104858,
    0.9067628383636475,
    0.8059550523757935,
    0.8055709600448608,
    0.8768511414527893,
    0.7638509273529053,
    0.818024218082428,
    0.7767741680145264,
    0.7669996619224548,
    0.7831288576126099,
    0.7541817426681519,
    0.7430040240287781,
    0.775212287902832,
    0.7369487881660461,
    0.7190536856651306,
    0.7452120184898376,
    0.7460910677909851,
    0.7524722218513489,
    0.712798535823822,
    0.7203654050827026,
    0.7290555238723755,
    0.7058592438697815,
    0.7049741148948669,
    0.6978318691253662,
    0.7119554281234741,
    0.7067596316337585,
    0.7185524106025696,
    0.708053708076477
  ],
  "val_mae": [
    2.2994542121887207,
    0.9610635042190552,
    0.7101560235023499,
    0.7140978574752808,
    0.7895309329032898,
    0.728444516658783,
    0.6885105967521667,
    0.7888745069503784,
    0.6944687962532043,
    0.8010767698287964,
    0.7024439573287964,
    0.6904000043869019,
    0.6793057322502136,
    0.7285017371177673,
    0.6820312738418579,
    0.6718552708625793,
    0.6917758584022522,
    0.6889270544052124,
    0.7083934545516968,
    0.7057288885116577,
    0.6826834678649902,
    0.6990677714347839,
    0.6945670247077942,
    0.6774855256080627,
    0.6964226961135864,
    0.6892596483230591,
    0.6956726312637329,
    0.7220668792724609,
    0.6926308870315552,
    0.6979564428329468
  ],
  "train_r2": [
    -77.4863052368164,
    -6.258623123168945,
    -1.2068815231323242,
    -0.3895450830459595,
    -0.10890185832977295,
    -0.1584690809249878,
    -0.31068921089172363,
    -0.08720624446868896,
    -0.12126874923706055,
    -0.11311352252960205,
    -0.049331068992614746,
    -0.08613336086273193,
    -0.0852588415145874,
    -0.015379190444946289,
    -0.09871423244476318,
    -0.002608656883239746,
    -0.02232050895690918,
    0.020371973514556885,
    -0.013484716415405273,
    0.0013412833213806152,
    0.047214508056640625,
    0.017683565616607666,
    0.012449860572814941,
    0.036294519901275635,
    0.06699460744857788,
    0.10554581880569458,
    0.04572838544845581,
    0.04233747720718384,
    0.07056117057800293,
    0.06354784965515137
  ],
  "val_r2": [
    -7.149731636047363,
    -0.42507100105285645,
    -0.12160623073577881,
    -0.06808722019195557,
    -0.027288436889648438,
    -0.00467836856842041,
    -0.05613303184509277,
    -0.050789594650268555,
    -0.01736736297607422,
    -0.07504081726074219,
    -0.1382533311843872,
    -0.014071822166442871,
    -0.019428610801696777,
    -0.16242849826812744,
    -0.025757193565368652,
    -0.04526853561401367,
    -0.012854814529418945,
    0.011893868446350098,
    0.020877480506896973,
    0.019066035747528076,
    0.00010830163955688477,
    0.0331953763961792,
    -0.02515566349029541,
    -0.003559708595275879,
    0.014798462390899658,
    0.003818333148956299,
    0.013799488544464111,
    0.00029772520065307617,
    -0.0012379884719848633,
    0.007600367069244385
  ],
  "learning_rate": [
    0.001,
    0.001,
    0.001,
    0.001,
    0.001,
    0.001,
    0.001,
    0.001,
    0.001,
    0.001,
    0.001,
    0.001,
    0.001,
    0.001,
    0.001,
    0.001,
    0.001,
    0.001,
    0.001,
    0.001,
    0.001,
    0.001,
    0.001,
    0.001,
    0.001,
    0.001,
    0.001,
    0.001,
    0.001,
    0.001
  ],
  "epoch_times": [
    0.19892024993896484,
    0.12225484848022461,
    0.11725521087646484,
    0.11420035362243652,
    0.11967802047729492,
    0.12248873710632324,
    0.1310112476348877,
    0.11884665489196777,
    0.12014412879943848,
    0.1180734634399414,
    0.11881685256958008,
    0.11313247680664062,
    0.11489439010620117,
    0.1206977367401123,
    0.11699247360229492,
    0.13130855560302734,
    0.11199951171875,
    0.11039066314697266,
    0.1185154914855957,
    0.11763453483581543,
    0.11324262619018555,
    0.135406494140625,
    0.11555719375610352,
    0.11363697052001953,
    0.11419343948364258,
    0.11921429634094238,
    0.1158146858215332,
    0.15631890296936035,
    0.11584305763244629,
    0.11055779457092285
  ]
}