{
  "fingerprint_dim": 2048,
  "descriptor_dim": 25,
  "target_columns": [
    "TAR_001",
    "TAR_002",
    "TAR_003",
    "TAR_004",
    "TAR_005"
  ],
  "weights": {
    "rf": 3.602561507916097,
    "xgb": -0.015802629857586237,
    "lgb": -2.223030125556861,
    "gb": 0.033958458705928896,
    "ridge": -0.39768721120757894
  },
  "is_fitted": true
}