{
  "train_metrics": {
    "TAR_001_mse": 2.1092540300425093,
    "TAR_001_rmse": 1.4523271084857259,
    "TAR_001_r2": 0.6871594197114071,
    "TAR_002_mse": 1.7429305001253328,
    "TAR_002_rmse": 1.3202009317241572,
    "TAR_002_r2": 0.5451917959448735,
    "TAR_003_mse": 1.235363007024321,
    "TAR_003_rmse": 1.1114688511264366,
    "TAR_003_r2": 0.5569777851522497,
    "TAR_004_mse": 1.5872896231984868,
    "TAR_004_rmse": 1.2598768285822575,
    "TAR_004_r2": 0.6732249740702154,
    "TAR_005_mse": 3.6211694666770478,
    "TAR_005_rmse": 1.9029370632464564,
    "TAR_005_r2": 0.42724047680852784,
    "total_mse": 2.0592013254135395,
    "total_rmse": 1.4349917509914611,
    "total_r2": 0.5779588903374548
  },
  "val_metrics": {
    "TAR_001_mse": 15.844671454382759,
    "TAR_001_rmse": 3.980536578701766,
    "TAR_001_r2": -2.07116135192521,
    "TAR_002_mse": 7.205225984572126,
    "TAR_002_rmse": 2.684255201088772,
    "TAR_002_r2": -1.2041228710846714,
    "TAR_003_mse": 4.533328588676277,
    "TAR_003_rmse": 2.1291614754819035,
    "TAR_003_r2": -1.978689335926072,
    "TAR_004_mse": 2.0901109896735246,
    "TAR_004_rmse": 1.445721615551737,
    "TAR_004_r2": 0.2230237943395208,
    "TAR_005_mse": 10.160413374029108,
    "TAR_005_rmse": 3.187540332925861,
    "TAR_005_r2": -1.802638240318486,
    "total_mse": 7.966750078266759,
    "total_rmse": 2.822543193339432,
    "total_r2": -1.3667176009829831
  },
  "test_metrics": {
    "TAR_001_mse": 9.984974475532855,
    "TAR_001_rmse": 3.15990102305956,
    "TAR_001_r2": -0.8221760893470862,
    "TAR_002_mse": 19.343006474574697,
    "TAR_002_rmse": 4.398068493620205,
    "TAR_002_r2": -2.883293991350754,
    "TAR_003_mse": 4.866587770423722,
    "TAR_003_rmse": 2.2060343991932045,
    "TAR_003_r2": -0.5721691699354756,
    "TAR_004_mse": 7.776506863326004,
    "TAR_004_rmse": 2.788638890807844,
    "TAR_004_r2": -0.6409783852189017,
    "TAR_005_mse": 13.38628995766825,
    "TAR_005_rmse": 3.6587279152279484,
    "TAR_005_r2": -0.993015802674724,
    "total_mse": 11.071473108305105,
    "total_rmse": 3.327382320729781,
    "total_r2": -1.1823266877053882
  }
}