{
  "train_loss": [
    49.53538513183594,
    13.762938181559244,
    11.255010286966959,
    9.161717494328817,
    9.808349609375,
    10.053388277689615,
    8.671634674072266,
    9.537042061487833,
    8.881702105204264,
    7.877067565917969,
    7.177756627400716,
    8.453553120295206,
    6.671248277028401,
    6.796957890192668,
    6.674385905265808,
    5.79012656211853,
    6.535521348317464,
    6.171152989069621,
    5.944772203763326,
    6.475152452786763,
    5.267451922098796,
    5.88451353708903,
    5.564979592959086,
    5.203386465708415,
    5.77075211207072,
    6.844339211781819,
    6.558873732884725,
    5.538252989451091,
    5.213013728459676,
    5.361600756645203
  ],
  "val_loss": [
    9.27242636680603,
    6.698063850402832,
    7.790149211883545,
    6.721236348152161,
    9.287127017974854,
    7.119583606719971,
    9.658631324768066,
    6.75742769241333,
    6.277003288269043,
    7.169125080108643,
    6.524528503417969,
    6.150823354721069,
    7.9440155029296875,
    5.964695692062378,
    5.0828869342803955,
    8.174276113510132,
    8.078736782073975,
    5.975468158721924,
    6.847620248794556,
    4.885340213775635,
    5.573947906494141,
    5.642842531204224,
    5.862983703613281,
    6.401453733444214,
    7.220500707626343,
    5.137925624847412,
    9.172324657440186,
    5.409815073013306,
    6.040550470352173,
    6.149902820587158
  ],
  "train_rmse": [
    7.038138173305011,
    3.7098433317023467,
    3.354848677836913,
    3.02683290170699,
    3.1318283247490886,
    3.170707750945637,
    2.944763941994717,
    3.0882102612674953,
    2.9802183593524463,
    2.8066114876760424,
    2.679133588745891,
    2.9074994754544785,
    2.5828760008901166,
    2.6070976141421185,
    2.5834833122114604,
    2.406268132129076,
    2.5564666059354626,
    2.484180562789766,
    2.4381903624409142,
    2.5446320937462046,
    2.295092974838509,
    2.425801594966767,
    2.359020888678745,
    2.281093226232259,
    2.402238945884651,
    2.6161687433899177,
    2.5610298033041055,
    2.353349279326248,
    2.28320249846281,
    2.3155130912725355
  ],
  "val_rmse": [
    3.0450657877212266,
    2.588061794162348,
    2.7910839630367095,
    2.5925348951590195,
    3.047478718734176,
    2.668254697341094,
    3.1078340171962826,
    2.5995053701138007,
    2.505394931963063,
    2.677522279449006,
    2.5543156624462,
    2.480085400372263,
    2.818512994990388,
    2.4422726001910187,
    2.2545258250598543,
    2.859069140809419,
    2.8423119566492225,
    2.444477170185699,
    2.6167958436250114,
    2.2102806814096696,
    2.3609209869231416,
    2.375466852983388,
    2.4213598872561843,
    2.5301094782366222,
    2.687098805844438,
    2.266699174573074,
    3.02858467510442,
    2.3259009676750826,
    2.457753086038871,
    2.479899664048931
  ],
  "train_mae": [
    4.8886871337890625,
    2.9315083026885986,
    2.62683367729187,
    2.4582204818725586,
    2.4828755855560303,
    2.557676076889038,
    2.3565847873687744,
    2.530733585357666,
    2.421566963195801,
    2.1458446979522705,
    2.14365553855896,
    2.1896612644195557,
    1.9569091796875,
    2.0769002437591553,
    1.96947181224823,
    1.8216265439987183,
    1.9694864749908447,
    1.8441394567489624,
    1.8159199953079224,
    1.909512996673584,
    1.7339723110198975,
    1.7673248052597046,
    1.7723920345306396,
    1.6041170358657837,
    1.8062825202941895,
    2.124307870864868,
    1.9418987035751343,
    1.8088964223861694,
    1.654115080833435,
    1.7520581483840942
  ],
  "val_mae": [
    2.351378917694092,
    2.1699604988098145,
    2.465789556503296,
    1.9717601537704468,
    2.7027828693389893,
    2.0257747173309326,
    2.712136745452881,
    2.0779924392700195,
    2.1159911155700684,
    2.3544154167175293,
    2.1896557807922363,
    2.2082531452178955,
    2.526463747024536,
    2.172001361846924,
    1.8167107105255127,
    2.5372397899627686,
    2.548215389251709,
    2.1605594158172607,
    2.378762722015381,
    1.8810021877288818,
    2.019517660140991,
    2.0771913528442383,
    2.159921646118164,
    2.214818239212036,
    2.411320447921753,
    1.9500337839126587,
    2.682473659515381,
    2.026496171951294,
    2.124333620071411,
    2.1831376552581787
  ],
  "train_r2": [
    -6.604991912841797,
    -1.1129748821258545,
    -0.7279417514801025,
    -0.4065660238265991,
    -0.5058407783508301,
    -0.5434608459472656,
    -0.3313252925872803,
    -0.4641880989074707,
    -0.3635760545730591,
    -0.20933818817138672,
    -0.1019754409790039,
    -0.29784393310546875,
    -0.024212956428527832,
    -0.043512821197509766,
    -0.02469480037689209,
    0.11106246709823608,
    -0.0033752918243408203,
    0.05256474018096924,
    0.08732026815414429,
    0.0058928728103637695,
    0.19130676984786987,
    0.09657156467437744,
    0.14562851190567017,
    0.20114260911941528,
    0.11403697729110718,
    -0.05078685283660889,
    -0.006960511207580566,
    0.1497318148612976,
    0.19966459274291992,
    0.1768525242805481
  ],
  "val_r2": [
    -0.4698760509490967,
    -0.061785101890563965,
    -0.23490381240844727,
    -0.06545853614807129,
    -0.4722064733505249,
    -0.12860488891601562,
    -0.5310978889465332,
    -0.07119560241699219,
    0.004961848258972168,
    -0.1364583969116211,
    -0.03427612781524658,
    0.024964094161987305,
    -0.25929486751556396,
    0.05446934700012207,
    0.19425475597381592,
    -0.29579615592956543,
    -0.2806510925292969,
    0.052761614322662354,
    -0.08549296855926514,
    0.2255699634552002,
    0.11641108989715576,
    0.10548979043960571,
    0.07059282064437866,
    -0.014766216278076172,
    -0.14460229873657227,
    0.18553000688552856,
    -0.45400798320770264,
    0.14242959022521973,
    0.04244476556777954,
    0.02511012554168701
  ],
  "learning_rate": [
    0.001,
    0.001,
    0.001,
    0.001,
    0.001,
    0.001,
    0.001,
    0.001,
    0.001,
    0.001,
    0.001,
    0.001,
    0.001,
    0.001,
    0.001,
    0.001,
    0.001,
    0.001,
    0.001,
    0.001,
    0.001,
    0.001,
    0.001,
    0.001,
    0.001,
    0.001,
    0.001,
    0.001,
    0.001,
    0.001
  ],
  "epoch_times": [
    0.14535880088806152,
    0.12133169174194336,
    0.1250927448272705,
    0.11695003509521484,
    0.11575889587402344,
    0.11769652366638184,
    0.11497998237609863,
    0.11658811569213867,
    0.11516141891479492,
    0.11782979965209961,
    0.15474796295166016,
    0.13324952125549316,
    0.1177666187286377,
    0.1208956241607666,
    0.12622523307800293,
    0.1297440528869629,
    0.11977958679199219,
    0.1184999942779541,
    0.11823868751525879,
    0.11966323852539062,
    0.1393876075744629,
    0.1158132553100586,
    0.12043547630310059,
    0.11174154281616211,
    0.13434052467346191,
    0.11992239952087402,
    0.12187051773071289,
    0.12237358093261719,
    0.11652374267578125,
    0.1129140853881836
  ]
}