{
  "train_metrics": {
    "TAR_001_mse": 0.7091834327558441,
    "TAR_001_rmse": 0.8421302944057077,
    "TAR_001_r2": 0.8948152505699263,
    "TAR_002_mse": 0.4759031238079077,
    "TAR_002_rmse": 0.6898573213410928,
    "TAR_002_r2": 0.8758156765127842,
    "TAR_003_mse": 0.35406270854616656,
    "TAR_003_rmse": 0.5950316870101681,
    "TAR_003_r2": 0.8730270823691355,
    "TAR_004_mse": 0.5455519272842391,
    "TAR_004_rmse": 0.7386148707440429,
    "TAR_004_r2": 0.8876873239899845,
    "TAR_005_mse": 0.87296283944793,
    "TAR_005_rmse": 0.9343248040418974,
    "TAR_005_r2": 0.8619236729219163,
    "total_mse": 0.5915328063684173,
    "total_rmse": 0.7691116995394215,
    "total_r2": 0.8786538012727494
  },
  "val_metrics": {
    "TAR_001_mse": 5.2600037806635465,
    "TAR_001_rmse": 2.293469812459616,
    "TAR_001_r2": -0.019542776173245402,
    "TAR_002_mse": 2.8950083575285936,
    "TAR_002_rmse": 1.7014724086886022,
    "TAR_002_r2": 0.11439916714992959,
    "TAR_003_mse": 1.422427361882943,
    "TAR_003_rmse": 1.1926555923161317,
    "TAR_003_r2": 0.06537345990016463,
    "TAR_004_mse": 1.580957725212645,
    "TAR_004_rmse": 1.2573614139191027,
    "TAR_004_r2": 0.4122960260415576,
    "TAR_005_mse": 3.001414809748389,
    "TAR_005_rmse": 1.7324591798216744,
    "TAR_005_r2": 0.1720927474899242,
    "total_mse": 2.831962407007224,
    "total_rmse": 1.6828435479887083,
    "total_r2": 0.1489237248816662
  },
  "test_metrics": {
    "TAR_001_mse": 3.884271112167183,
    "TAR_001_rmse": 1.9708554265006815,
    "TAR_001_r2": 0.29115232467783136,
    "TAR_002_mse": 4.979557281738879,
    "TAR_002_rmse": 2.2314921648392314,
    "TAR_002_r2": 0.00030613662974243727,
    "TAR_003_mse": 2.634616618322604,
    "TAR_003_rmse": 1.6231502143432701,
    "TAR_003_r2": 0.14887736185515899,
    "TAR_004_mse": 2.8538512697022442,
    "TAR_004_rmse": 1.6893345641708288,
    "TAR_004_r2": 0.3977876789003514,
    "TAR_005_mse": 5.535821267326374,
    "TAR_005_rmse": 2.3528326050372503,
    "TAR_005_r2": 0.17580006846900031,
    "total_mse": 3.9776235098514574,
    "total_rmse": 1.99439803195136,
    "total_r2": 0.20278471410641682
  }
}