{
  "train_loss": [
    57.462127685546875,
    17.564260323842365,
    11.196484565734863,
    10.187498648961386,
    8.474042415618896,
    8.668466488520304,
    7.957004388173421,
    9.227911233901978,
    8.347632805506388,
    7.056555151939392,
    6.83493987719218,
    6.644497553507487,
    7.352000633875529,
    7.434630314509074,
    9.379275957743326,
    8.711313247680664,
    6.857988437016805,
    6.98409366607666,
    10.338885108629862,
    6.757873058319092,
    6.709410349527995,
    6.704838673273723,
    5.483296076456706,
    5.842369953791301,
    6.200283050537109,
    5.3245521783828735,
    5.483990470568339,
    5.630327145258586,
    5.154107332229614,
    5.0204176902771,
    6.158671617507935,
    5.679955879847209,
    4.973385254542033,
    5.052754720052083,
    4.923805157343547,
    5.129246830940247,
    5.159405628840129,
    4.777129451433818,
    5.293392300605774,
    5.596420764923096,
    4.834649761517842,
    4.84248149394989,
    5.170506715774536,
    4.9636731545130415,
    4.257498900095622,
    4.389197111129761,
    6.030391852060954,
    5.106046001116435,
    7.160192330678304,
    6.583218137423198,
    5.073282400767009,
    4.333302656809489
  ],
  "val_loss": [
    13.148884296417236,
    9.325335025787354,
    6.953426837921143,
    6.452842950820923,
    6.447100639343262,
    6.306812047958374,
    7.1615376472473145,
    6.202651023864746,
    6.526514530181885,
    6.498250961303711,
    7.429222583770752,
    5.624368667602539,
    7.803875923156738,
    8.765624523162842,
    5.60017466545105,
    8.589483737945557,
    5.676063776016235,
    8.092570781707764,
    5.327313184738159,
    7.907956838607788,
    8.642872333526611,
    6.374111652374268,
    5.563575744628906,
    9.222274780273438,
    7.212871551513672,
    8.055585145950317,
    9.7274751663208,
    10.06164264678955,
    9.531240463256836,
    5.7701332569122314,
    10.808553695678711,
    5.287434339523315,
    8.256089210510254,
    8.908114671707153,
    8.882559299468994,
    6.620099782943726,
    7.397044658660889,
    7.749481678009033,
    12.901991844177246,
    7.288156032562256,
    7.807725429534912,
    9.672287464141846,
    8.676443099975586,
    7.9556028842926025,
    6.108602285385132,
    11.34157943725586,
    5.8064188957214355,
    7.85992169380188,
    8.869641304016113,
    10.030364513397217,
    7.067960262298584,
    6.978799343109131
  ],
  "train_rmse": [
    7.580377554637342,
    4.190973691493194,
    3.346114846465205,
    3.191786184305848,
    2.9110209364509996,
    2.944225970946042,
    2.820816206398776,
    3.0377476846313947,
    2.8892269568419318,
    2.656417751625049,
    2.614371717990363,
    2.577692353908613,
    2.711457216426479,
    2.7266518651969367,
    3.0625602560538217,
    2.951493554347524,
    2.6187761182552327,
    2.6427436771116906,
    3.215413558725797,
    2.5995908488610153,
    2.5902530122402005,
    2.589370339048971,
    2.341643849416684,
    2.4170995083496583,
    2.4900366611156453,
    2.3074990919117573,
    2.3417921917306175,
    2.37283105692998,
    2.2702658641249562,
    2.24062875404203,
    2.4816670564540595,
    2.3832658180152855,
    2.230108816630904,
    2.2478333743847214,
    2.2189649021145885,
    2.264784137300532,
    2.271432628353777,
    2.1856645785929656,
    2.3007374161850027,
    2.3656755409233736,
    2.1987836553048354,
    2.2005639307139386,
    2.2738748765473256,
    2.2279303381420545,
    2.0633707231493577,
    2.095041019338567,
    2.4556857793271414,
    2.2596562127453335,
    2.675853511085176,
    2.565778356468837,
    2.2523947793007535,
    2.0816587075457225
  ],
  "val_rmse": [
    3.6261388370973555,
    3.0537410743136353,
    2.6369350316388123,
    2.5402446166466612,
    2.539114144606985,
    2.511336752882208,
    2.676104850414153,
    2.490512201107384,
    2.554704485262247,
    2.549166812537161,
    2.7256599397088395,
    2.3715750443039707,
    2.7935419094751195,
    2.960679498468446,
    2.3664688681386936,
    2.9307820221074783,
    2.3824490629597217,
    2.8447443303169804,
    2.3080972566855973,
    2.8121090935210042,
    2.9398763256919107,
    2.524700214983377,
    2.358723329394295,
    3.0368198465291676,
    2.6856789740238263,
    2.8382362318051926,
    3.1188900535800874,
    3.172009244436332,
    3.0872707142809546,
    2.4021101178950253,
    3.287636490805927,
    2.299442231921014,
    2.873341289193571,
    2.9846464503000307,
    2.9803621965512574,
    2.572955410520195,
    2.7197507572981263,
    2.7837892577713834,
    3.5919344089016385,
    2.6996585029522264,
    2.794230654884767,
    3.1100300621223402,
    2.9455802654104652,
    2.8205678723815852,
    2.4715586270543035,
    3.367726152355007,
    2.409651296880649,
    2.803555230813272,
    2.978194302596141,
    3.1670749969901344,
    2.658563481555674,
    2.6417416350339735
  ],
  "train_mae": [
    5.620265483856201,
    3.2973928451538086,
    2.746281147003174,
    2.6649651527404785,
    2.370924234390259,
    2.2862160205841064,
    2.2785894870758057,
    2.2595839500427246,
    2.3256571292877197,
    2.026087999343872,
    2.0522525310516357,
    2.066559076309204,
    2.034848213195801,
    2.025329351425171,
    2.590850353240967,
    2.1045336723327637,
    2.0610475540161133,
    2.0888984203338623,
    2.3065145015716553,
    2.1058778762817383,
    1.8709490299224854,
    2.0317282676696777,
    1.7807891368865967,
    1.8329691886901855,
    1.7955430746078491,
    1.7403075695037842,
    1.7048064470291138,
    1.799444317817688,
    1.6867530345916748,
    1.7051204442977905,
    1.9080268144607544,
    1.740838646888733,
    1.6730315685272217,
    1.6486304998397827,
    1.6881482601165771,
    1.6439952850341797,
    1.6681702136993408,
    1.6633580923080444,
    1.6836321353912354,
    1.7853151559829712,
    1.6819615364074707,
    1.5746012926101685,
    1.686674952507019,
    1.6518462896347046,
    1.5690144300460815,
    1.5705986022949219,
    1.766241431236267,
    1.7837880849838257,
    1.9807535409927368,
    2.0850095748901367,
    1.6816411018371582,
    1.608258605003357
  ],
  "val_mae": [
    3.099604845046997,
    2.643030881881714,
    2.152249574661255,
    2.1412558555603027,
    2.1055171489715576,
    2.137843608856201,
    2.302899122238159,
    2.0810863971710205,
    2.2358956336975098,
    2.2669498920440674,
    2.483771800994873,
    2.009899139404297,
    2.4495177268981934,
    2.644484043121338,
    1.9399219751358032,
    2.6349081993103027,
    2.0592219829559326,
    2.5250766277313232,
    1.9645706415176392,
    2.5271685123443604,
    2.6481258869171143,
    2.249272584915161,
    2.0614514350891113,
    2.7266969680786133,
    2.3934988975524902,
    2.556154727935791,
    2.754777431488037,
    2.813066244125366,
    2.694138526916504,
    2.07521390914917,
    2.850724458694458,
    2.0471131801605225,
    2.5371689796447754,
    2.6511595249176025,
    2.672450065612793,
    2.292452812194824,
    2.4356625080108643,
    2.4660377502441406,
    3.163878917694092,
    2.4210433959960938,
    2.4312584400177,
    2.801948308944702,
    2.660425901412964,
    2.521413803100586,
    2.2016513347625732,
    3.054500102996826,
    2.080796480178833,
    2.4666035175323486,
    2.6199657917022705,
    2.8038668632507324,
    2.3444221019744873,
    2.369588613510132
  ],