{
  "train_loss": [
    24.970494588216145,
    12.375261147816977,
    9.994045575459799,
    8.634359439214071,
    8.205503304799398,
    7.867578744888306,
    7.716756979624431,
    8.792146682739258,
    7.536975622177124,
    6.701916933059692,
    6.990710496902466,
    7.012454509735107,
    6.138290087381999,
    5.953681826591492,
    5.537010749181111,
    7.959790309270223,
    6.2445582548777265,
    5.785885572433472,
    5.957155545552571,
    5.5479445060094195,
    5.515456239382426,
    5.427167296409607,
    5.002686103185018,
    4.856767018636067,
    4.953842282295227,
    4.4479771455128985,
    4.784423271814982,
    5.4338152805964155,
    5.7461097240448,
    5.547171314557393
  ],
  "val_loss": [
    9.804823398590088,
    7.258590459823608,
    6.700661897659302,
    7.227783679962158,
    6.351833820343018,
    7.766493558883667,
    7.5425403118133545,
    6.297344207763672,
    8.696139097213745,
    8.972815036773682,
    5.32300066947937,
    6.857726335525513,
    7.234957456588745,
    7.396223545074463,
    13.279245853424072,
    5.260099649429321,
    6.610146522521973,
    7.590265512466431,
    5.26008415222168,
    8.34511923789978,
    7.447660684585571,
    8.23947286605835,
    7.697045564651489,
    5.586481094360352,
    9.53081464767456,
    7.152873516082764,
    7.637183904647827,
    4.857525825500488,
    8.973579168319702,
    7.895451068878174
  ],
  "train_rmse": [
    4.997048460506501,
    3.5178488246495725,
    3.161336143348675,
    2.9384280422942486,
    2.8645249979263783,
    2.8049204100062672,
    2.7779051995192114,
    2.965155423032536,
    2.7453552381720194,
    2.588806036504302,
    2.6439951320839996,
    2.648103856138945,
    2.4775573465156033,
    2.4400168898263677,
    2.353085351131202,
    2.8213100201497467,
    2.4989113344641556,
    2.4053868318530496,
    2.440728421529346,
    2.355407511609371,
    2.3485008408867976,
    2.329628171107762,
    2.236668616614745,
    2.203807319332756,
    2.22572294770106,
    2.109022775135451,
    2.1873324738795064,
    2.3310545852207247,
    2.39710429660227,
    2.355243324133463
  ],
  "val_rmse": [
    3.1312655389518222,
    2.6941771838990447,
    2.588563720691048,
    2.6884536825329537,
    2.520284566706739,
    2.7868429803816084,
    2.746368785124505,
    2.509451072366391,
    2.9489215625306158,
    2.995465825812546,
    2.307162956511297,
    2.6187260446841196,
    2.6897876672717724,
    2.7195998869455895,
    3.644069891836175,
    2.2934907647182494,
    2.5710206143395915,
    2.7550437796380236,
    2.2934872302641063,
    2.888791879427115,
    2.7290402934006215,
    2.8704482825676387,
    2.774355024698546,
    2.363573897976856,
    3.087201827628333,
    2.674485743637442,
    2.7635454020862564,
    2.2039795428951896,
    2.995593331334926,
    2.809884614306312
  ],
  "train_mae": [
    3.89666748046875,
    2.894002676010132,
    2.583740711212158,
    2.281723976135254,
    2.356877088546753,
    2.224778890609741,
    2.2363576889038086,
    2.28188419342041,
    2.174321413040161,
    1.982999563217163,
    2.055732488632202,
    2.0533061027526855,
    1.93464994430542,
    1.8255351781845093,
    1.7120673656463623,
    2.3037734031677246,
    1.868523120880127,
    1.77349853515625,
    1.9196330308914185,
    1.7218307256698608,
    1.7407718896865845,
    1.7196329832077026,
    1.6298949718475342,
    1.663543939590454,
    1.664455771446228,
    1.5602035522460938,
    1.6514012813568115,
    1.6678431034088135,
    1.8084603548049927,
    1.779401421546936
  ],
  "val_mae": [
    2.715221405029297,
    2.2178497314453125,
    2.132783889770508,
    2.4032185077667236,
    2.0932483673095703,
    2.4483482837677,
    2.4038753509521484,
    2.091719388961792,
    2.641808032989502,
    2.7238895893096924,
    1.9123897552490234,
    2.247800350189209,
    2.4349141120910645,
    2.3376388549804688,
    3.295201063156128,
    2.01633358001709,
    2.3034815788269043,
    2.466672420501709,
    1.9833908081054688,
    2.5957119464874268,
    2.4088973999023438,
    2.572681427001953,
    2.4547667503356934,
    2.0677075386047363,
    2.7055084705352783,
    2.405668020248413,
    2.437990188598633,
    1.8855072259902954,
    2.6714868545532227,
    2.4988484382629395
  ],
  "train_r2": [
    -2.8336310386657715,
    -0.8999296426773071,
    -0.5343502759933472,
    -0.32560253143310547,
    -0.2597616910934448,
    -0.20788145065307617,
    -0.18472623825073242,
    -0.3498270511627197,
    -0.15712511539459229,
    -0.02892148494720459,
    -0.07325887680053711,
    -0.07659709453582764,
    0.057610154151916504,
    0.0859522819519043,
    0.14992249011993408,
    -0.22203826904296875,
    0.04129528999328613,
    0.11171358823776245,
    0.0854191780090332,
    0.14824378490447998,
    0.153231680393219,
    0.1667863130569458,
    0.2319554090499878,
    0.25435781478881836,
    0.23945409059524536,
    0.31711792945861816,
    0.2654646039009094,
    0.16576558351516724,
    0.11782032251358032,
    0.14836257696151733
  ],
  "val_r2": [
    -0.5542724132537842,
    -0.15064048767089844,
    -0.062196969985961914,
    -0.14575684070587158,
    -0.006900310516357422,
    -0.2311539649963379,
    -0.19565272331237793,
    0.0017374157905578613,
    -0.37852227687835693,
    -0.42238152027130127,
    0.15619152784347534,
    -0.08709502220153809,
    -0.14689421653747559,
    -0.17245817184448242,
    -1.105041742324829,
    0.1661626696586609,
    -0.04784846305847168,
    -0.20321810245513916,
    0.16616523265838623,
    -0.32287824153900146,
    -0.18061208724975586,
    -0.30613112449645996,
    -0.22014498710632324,
    0.11442428827285767,
    -0.5108362436294556,
    -0.13388216495513916,
    -0.21065545082092285,
    0.22997921705245972,
    -0.4225025177001953,
    -0.25159645080566406
  ],
  "learning_rate": [
    0.001,
    0.001,
    0.001,
    0.001,
    0.001,
    0.001,
    0.001,
    0.001,
    0.001,
    0.001,
    0.001,
    0.001,
    0.001,
    0.001,
    0.001,
    0.001,
    0.001,
    0.001,
    0.001,
    0.001,
    0.001,
    0.001,
    0.001,
    0.001,
    0.001,
    0.001,
    0.001,
    0.001,
    0.001,
    0.001
  ],
  "epoch_times": [
    0.27206921577453613,
    0.15764451026916504,
    0.16675901412963867,
    0.256394624710083,
    0.14687395095825195,
    0.15243911743164062,
    0.1621086597442627,
    0.1482410430908203,
    0.18931937217712402,
    0.15060758590698242,
    0.1879258155822754,
    0.15155768394470215,
    0.15973830223083496,
    0.1528012752532959,
    0.19526386260986328,
    0.1588001251220703,
    0.14774465560913086,
    0.14197516441345215,
    0.16214537620544434,
    0.14751410484313965,
    0.14156508445739746,
    0.15790724754333496,
    0.15883159637451172,
    0.1468675136566162,
    0.14372730255126953,
    0.14675140380859375,
    0.1561272144317627,
    0.15632939338684082,
    0.13824963569641113,
    0.15486693382263184
  ]
}