{
  "train_loss": [
    30.98879877726237,
    3.965316335360209,
    1.6768335700035095,
    1.4277439415454865,
    1.29046497742335,
    1.130521148443222,
    1.1215212643146515,
    1.1663149694601695,
    1.0848446488380432,
    1.076857676108678,
    1.0922705332438152,
    1.0256023009618123,
    1.0432001849015553,
    1.029761811097463,
    1.0781445105870564,
    0.9942546784877777,
    1.02617351214091,
    1.005173812309901,
    1.0957747896512349,
    1.0176843007405598,
    1.013871858517329,
    0.9988649040460587,
    1.0251256724198659,
    0.9847006897131602,
    0.9966888725757599,
    0.9820977797110876,
    0.9994439482688904,
    0.9684600532054901,
    0.9355932374795278,
    0.9419708053270975
  ],
  "val_loss": [
    3.391331911087036,
    1.3550872802734375,
    0.9665063917636871,
    0.9916027188301086,
    1.0669109225273132,
    0.9795441627502441,
    0.9033311605453491,
    0.9614937901496887,
    0.9886757135391235,
    0.9166594743728638,
    0.8802937269210815,
    0.8975802958011627,
    0.9533742666244507,
    0.9108305871486664,
    0.9176130890846252,
    0.9489097595214844,
    0.9175264239311218,
    0.8823489546775818,
    1.0395450592041016,
    0.8997092247009277,
    0.8990321755409241,
    0.8927198052406311,
    0.9099181592464447,
    0.9070311188697815,
    0.909726470708847,
    0.9219177067279816,
    0.8981751799583435,
    0.8660057783126831,
    0.8733236193656921,
    0.8838611543178558
  ],
  "train_rmse": [
    5.566758315346508,
    1.9913102555961384,
    1.2949260636804192,
    1.1948824339458897,
    1.1359863543597541,
    1.0632596946398112,
    1.0590189962943672,
    1.0799606286925751,
    1.0415587877996555,
    1.037717594171013,
    1.0451174544075825,
    1.0127202088874068,
    1.0213716929849868,
    1.0147717926850588,
    1.0383373971515648,
    0.9971231863142364,
    1.013002207502274,
    1.002583563786976,
    1.0467926676244488,
    1.0088034201354543,
    1.0069120065718635,
    0.9994322834213919,
    1.0124849341884639,
    0.9923208852904878,
    0.9983430187910329,
    0.9910084484714101,
    0.999721935474505,
    0.9841036952515789,
    0.9672607233927573,
    0.9705518147916228
  ],
  "val_rmse": [
    1.841556925833963,
    1.1640821621661581,
    0.9831105542925296,
    0.9957925378484985,
    1.0329138309326475,
    0.9897192343034685,
    0.950437352246506,
    0.980557897398052,
    0.9943217354252715,
    0.9574233828236641,
    0.9382396958779146,
    0.9474071593583643,
    0.9764087708590682,
    0.9543744012397332,
    0.9579212954590345,
    0.9741199923630992,
    0.9578760583397058,
    0.9393343463763191,
    1.0195808252434437,
    0.9485300336314754,
    0.9481731039981934,
    0.9448384759502475,
    0.9538963198633105,
    0.9523817823043114,
    0.9537958379607081,
    0.9601654735150104,
    0.9477210139876074,
    0.9305943145714373,
    0.9345178220671061,
    0.9401389174585734
  ],
  "train_mae": [
    3.896466016769409,
    1.499841570854187,
    1.0130473375320435,
    0.9041407704353333,
    0.8521977663040161,
    0.7890749573707581,
    0.7911550998687744,
    0.7901367545127869,
    0.7916949987411499,
    0.7712486386299133,
    0.7837425470352173,
    0.7390523552894592,
    0.7443488836288452,
    0.7503458857536316,
    0.7968264818191528,
    0.7273886203765869,
    0.7390215396881104,
    0.7781158685684204,
    0.7701150178909302,
    0.7410851716995239,
    0.7534171342849731,
    0.7466939687728882,
    0.756200909614563,
    0.7255669832229614,
    0.7296451330184937,
    0.7012000679969788,
    0.7111337184906006,
    0.7188812494277954,
    0.7162697911262512,
    0.6989569067955017
  ],
  "val_mae": [
    1.4899282455444336,
    0.9246196746826172,
    0.7761794328689575,
    0.8083745837211609,
    0.7256128191947937,
    0.7305071949958801,
    0.7579565048217773,
    0.7333840131759644,
    0.7361866235733032,
    0.7000435590744019,
    0.6933063268661499,
    0.6787323355674744,
    0.6798250675201416,
    0.736494243144989,
    0.7009352445602417,
    0.684352695941925,
    0.7079777121543884,
    0.6948622465133667,
    0.7152110934257507,
    0.69944167137146,
    0.6877617239952087,
    0.7207958102226257,
    0.6867367029190063,
    0.6931068301200867,
    0.6759907007217407,
    0.6859444379806519,
    0.6835554838180542,
    0.675731360912323,
    0.6705020070075989,
    0.6680494546890259
  ],
  "train_r2": [
    -29.913118362426758,
    -2.955632448196411,
    -0.6727383136749268,
    -0.42425715923309326,
    -0.28731346130371094,
    -0.1277601718902588,
    -0.11878228187561035,
    -0.16346657276153564,
    -0.08219528198242188,
    -0.07422792911529541,
    -0.08960306644439697,
    -0.023097515106201172,
    -0.04065239429473877,
    -0.027246952056884766,
    -0.07551157474517822,
    0.008173525333404541,
    -0.023667335510253906,
    -0.0027190446853637695,
    -0.09309875965118408,
    -0.015198945999145508,
    -0.011395812034606934,
    0.0035746097564697266,
    -0.022622227668762207,
    0.0177040696144104,
    0.005745351314544678,
    0.020300686359405518,
    0.0029968619346618652,
    0.033905029296875,
    0.0666915774345398,
    0.0603296160697937
  ],
  "val_r2": [
    -2.769000291824341,
    -0.5059937238693237,
    -0.07413935661315918,
    -0.10203051567077637,
    -0.18572521209716797,
    -0.08862900733947754,
    -0.003928780555725098,
    -0.06856846809387207,
    -0.0987774133682251,
    -0.018741369247436523,
    0.02167421579360962,
    0.0024625062942504883,
    -0.05954456329345703,
    -0.012263178825378418,
    -0.01980125904083252,
    -0.054583072662353516,
    -0.01970493793487549,
    0.0193900465965271,
    -0.15531182289123535,
    9.655952453613281e-05,
    0.0008489489555358887,
    0.007864415645599365,
    -0.011249303817749023,
    -0.008040666580200195,
    -0.011036276817321777,
    -0.02458512783050537,
    0.0018014907836914062,
    0.03755331039428711,
    0.02942061424255371,
    0.01770949363708496
  ],
  "learning_rate": [
    0.001,
    0.001,
    0.001,
    0.001,
    0.001,
    0.001,
    0.001,
    0.001,
    0.001,
    0.001,
    0.001,
    0.001,
    0.001,
    0.001,
    0.001,
    0.001,
    0.001,
    0.001,
    0.001,
    0.001,
    0.001,
    0.001,
    0.001,
    0.001,
    0.001,
    0.001,
    0.001,
    0.001,
    0.001,
    0.001
  ],
  "epoch_times": [
    0.15330719947814941,
    0.1223759651184082,
    0.11317968368530273,
    0.12129998207092285,
    0.12044453620910645,
    0.11655831336975098,
    0.11340808868408203,
    0.10812687873840332,
    0.1073145866394043,
    0.11231040954589844,
    0.10673880577087402,
    0.10808610916137695,
    0.12154746055603027,
    0.1155843734741211,
    0.1234443187713623,
    0.11797666549682617,
    0.11583256721496582,
    0.11040639877319336,
    0.1082758903503418,
    0.11054468154907227,
    0.11164140701293945,
    0.11140584945678711,
    0.10995864868164062,
    0.1134185791015625,
    0.1060025691986084,
    0.10760641098022461,
    0.10464143753051758,
    0.11843228340148926,
    0.11881780624389648,
    0.11396121978759766
  ]
}