{
  "train_loss": [
    12141.304241473857,
    427.90330974872296,
    48.81894155649039,
    13.914233281062199,
    6.380768849299504,
    3.2300261900975156,
    1.1983953851919908,
    1.0094814208837657,
    0.9905912325932429,
    0.9961336117524368,
    0.9900321501951951,
    1.2298186008746808,
    0.9894596842619089,
    0.9895610580077538,
    0.9892862668404212,
    1.0132458118292003,
    1.0056681266197791,
    0.9889635122739352,
    0.9887295915530279,
    0.989049141223614,
    0.9911029292986944,
    0.9889312157264123,
    0.9889046045450064,
    0.9889078140258789,
    0.9891145962935227,
    0.9888599469111516,
    0.988834812090947,
    0.9887871833947989,
    0.9887642218516424,
    0.9886872286979969,
    0.9886652598014245,
    0.9886160905544574,
    0.9886136605189397,
    0.9885492691626916,
    0.9885541636210221,
    0.9885594294621394,
    0.9885572240902827,
    0.9885654724561251,
    0.9885627489823562,
    0.9885710111031165,
    0.9885738354462844,
    0.988543703005864,
    0.9885484071878287,
    0.9885260050113385,
    0.9885024932714609,
    0.9885005492430466,
    0.9884874041263874,
    0.9884768541042621,
    0.9884714071567242,
    0.9884656484310443,
    0.9884638511217557,
    0.9884543052086463,
    0.9884540576201218,
    0.9884421504460849,
    0.9884436680720403,
    0.9884395966163049,
    0.9884405594605666,
    0.9884435007205377,
    0.9884394590671246,
    0.9884378543266883,
    0.9884371207310603
  ],
  "val_loss": [
    6.3941240310668945,
    22.771080017089844,
    13.112906455993652,
    1.4013365507125854,
    5.375315189361572,
    1.8022499084472656,
    1.3333935737609863,
    1.2531718015670776,
    1.2820309400558472,
    1.2281153202056885,
    1.2248353958129883,
    1.2248549461364746,
    1.229422688484192,
    1.2247717380523682,
    1.2298197746276855,
    1.2255644798278809,
    1.2271872758865356,
    1.2272142171859741,
    1.2272164821624756,
    1.2272019386291504,
    1.2272831201553345,
    1.2273681163787842,
    1.2273626327514648,
    1.2273839712142944,
    1.2274670600891113,
    1.2275458574295044,
    1.2276374101638794,
    1.2277709245681763,
    1.2279635667800903,
    1.2280619144439697,
    1.2282469272613525,
    1.2283990383148193,
    1.2284767627716064,
    1.2284696102142334,
    1.2284483909606934,
    1.2284460067749023,
    1.2284350395202637,
    1.228429913520813,
    1.228446364402771,
    1.228446125984192,
    1.2285035848617554,
    1.2285587787628174,
    1.2286174297332764,
    1.2286653518676758,
    1.22868013381958,
    1.2287225723266602,
    1.2287596464157104,
    1.2287790775299072,
    1.2287946939468384,
    1.2288146018981934,
    1.2288326025009155,
    1.2288572788238525,
    1.2288875579833984,
    1.228894829750061,
    1.2289046049118042,
    1.2289034128189087,
    1.2288930416107178,
    1.2288981676101685,
    1.2289066314697266,
    1.2289087772369385,
    1.2289109230041504
  ],
  "train_rmse": [
    110.10304566206378,
    20.750252228088623,
    6.899964661438605,
    3.831117542460099,
    2.4931466579763635,
    1.7778348474812904,
    1.0609663946742385,
    0.9846440204983317,
    0.9961470346597472,
    0.9950747494918477,
    1.000105613853399,
    1.1578354662060169,
    0.9947158558237671,
    0.9949356827004303,
    0.9946360075167614,
    1.008031126453801,
    0.99804108201826,
    0.9944664321957273,
    0.994394056472064,
    0.9945034721432809,
    0.9954780919946897,
    0.9944431766369325,
    0.9944368531886305,
    0.9944384715157211,
    0.9918316781306847,
    0.9944143461814494,
    0.9944016988779657,
    0.9943778124181464,
    0.9943662436127922,
    0.9943275201036956,
    0.9943164902214424,
    0.9942917624592633,
    0.994290533548375,
    0.9942581317157583,
    0.9942605896161135,
    0.9942632573303545,
    0.9942621482814832,
    0.9942663147019182,
    0.9942673937719901,
    0.9942690423490055,
    0.9942704811048941,
    0.9942552841406761,
    0.9942576820991822,
    0.9942464416187003,
    0.9942346314836384,
    0.994233672278692,
    0.9942269877935263,
    0.9942217121143091,
    0.994218984337371,
    0.9942161066744669,
    0.9942151774273751,
    0.9942104412512839,
    0.9942102913719253,
    0.9942042961790567,
    0.9942050455801423,
    0.9942029772317741,
    0.9942034868252498,
    0.9942049556520419,
    0.9942029472556791,
    0.994202137900774,
    0.9942017182350084
  ],
  "val_rmse": [
    2.402624892244574,
    4.667464301652681,
    3.7343380978089757,
    1.2236446979794873,
    2.4295776931138096,
    1.3745405556616475,
    1.1757526584329954,
    1.1373447123577303,
    1.1246259915342303,
    1.1128969298773614,
    1.1006052172917562,
    1.0859082993348053,
    1.0901756191514953,
    1.0959623577517454,
    1.1110300425253954,
    1.103748938278085,
    1.1077849585118562,
    1.1077970108219168,
    1.1078375787949672,
    1.1077915227327026,
    1.1078304768167713,
    1.107866470464191,
    1.1078639956021068,
    1.1078736260125948,
    1.1079111246346032,
    1.1079466852829627,
    1.1079880009115077,
    1.1080819236786759,
    1.108189661470637,
    1.1082398960815505,
    1.1083243862068226,
    1.1084009649441173,
    1.10844296269325,
    1.1084472107764374,
    1.1084205389970212,
    1.1084221522277211,
    1.1084037612585529,
    1.108408977441627,
    1.1083529962980074,
    1.1083528349649774,
    1.108378809280363,
    1.1084037074833417,
    1.1084302183460022,
    1.108451835253551,
    1.1084585030703087,
    1.108477538391,
    1.1084943150128062,
    1.1085031333916908,
    1.10851017729028,
    1.1085191030822128,
    1.1085272222642597,
    1.1085383524370516,
    1.108552063365852,
    1.1085552894421014,
    1.1085596983977923,
    1.1085592682565455,
    1.1085545366918161,
    1.1085567949411381,
    1.108560558679785,
    1.1085616340313371,
    1.1085624943118275
  ],
  "train_mae": [
    89.35877227783203,
    16.446741104125977,
    5.00142240524292,
    2.98753023147583,
    1.8641877174377441,
    1.3922113180160522,
    0.8295695781707764,
    0.7430375218391418,
    0.782232940196991,
    0.7785452604293823,
    0.7807661890983582,
    0.8908015489578247,
    0.7788748145103455,
    0.7794551849365234,
    0.7780881524085999,
    0.7981929779052734,
    0.78504878282547,
    0.7769470810890198,
    0.7758252024650574,
    0.7768105864524841,
    0.7787400484085083,
    0.7767648100852966,
    0.7766749262809753,
    0.776670515537262,
    0.7735000252723694,
    0.7764822840690613,
    0.7763481736183167,
    0.7761681079864502,
    0.7758948802947998,
    0.7756331562995911,
    0.775428056716919,
    0.7751534581184387,
    0.7749261260032654,
    0.7748467326164246,
    0.7748766541481018,
    0.7749022245407104,
    0.7749146223068237,
    0.7749303579330444,
    0.7749412059783936,
    0.7749691605567932,
    0.7749363780021667,
    0.7748473286628723,
    0.7747547626495361,
    0.7746793031692505,
    0.7746171951293945,
    0.7745777368545532,
    0.7745129466056824,
    0.7744659185409546,
    0.7744380235671997,
    0.7744119167327881,
    0.7743820548057556,
    0.77435302734375,
    0.7743046879768372,
    0.7742738723754883,
    0.7742586731910706,
    0.7742480635643005,
    0.7742576599121094,
    0.7742649912834167,
    0.7742550373077393,
    0.7742461562156677,
    0.7742432951927185
  ],