{
  "train_loss": [
    784.0267944335938,
    22152.265625,
    9249.373046875,
    918.4194946289062,
    468.7259521484375
  ],
  "val_loss": [
    1111.74365234375,
    590.8335571289062,
    135.5360870361328,
    1.51185142993927,
    2.472601890563965
  ],
  "train_rmse": [
    28.000477378045495,
    148.83636542147553,
    96.17366087903174,
    30.30543671734341,
    21.65008043093641
  ],
  "val_rmse": [
    33.34282010184127,
    24.307066793295938,
    11.641996039225566,
    1.229573678125581,
    1.572450918332259
  ],
  "train_mae": [
    25.526527404785156,
    144.0385284423828,
    93.49209594726562,
    29.083654403686523,
    19.52401351928711
  ],
  "val_mae": [
    32.714942932128906,
    23.879779815673828,
    11.472360610961914,
    1.0932130813598633,
    1.23603355884552
  ],
  "train_r2": [
    -787.0545043945312,
    -22265.068359375,
    -9295.890625,
    -922.1377563476562,
    -470.1340026855469
  ],
  "val_r2": [
    -932.1340942382812,
    -494.911865234375,
    -112.76123046875,
    -0.26896166801452637,
    -1.0753607749938965
  ],
  "learning_rate": [
    0.001,
    0.001,
    0.001,
    0.001,
    0.001
  ],
  "epoch_times": [
    0.17644214630126953,
    0.09677958488464355,
    0.10651612281799316,
    0.0910024642944336,
    0.08580613136291504
  ]
}