{
  "train_loss": [
    54.19965203603109,
    13.797502517700195,
    12.078065077463785,
    10.33625570933024,
    9.701346715291342,
    9.245237032572428,
    8.000535170237223,
    8.928225755691528,
    8.274028778076172,
    7.971741596857707,
    7.242809534072876,
    7.339266141255696,
    6.460216124852498,
    6.411527434984843,
    6.994524717330933,
    7.102623065312703,
    6.561956604321797,
    6.696950276692708,
    7.164284626642863,
    5.7825164794921875,
    6.055878559748332,
    5.462589303652446,
    5.081689357757568,
    5.955613454182942,
    5.207409302393596,
    6.380378007888794,
    6.551134824752808,
    7.026998559633891,
    6.32818325360616,
    5.6547214190165205,
    5.287091573079427,
    6.311614314715068,
    4.778800924619039,
    4.959033687909444,
    4.969676057497661,
    5.030472755432129,
    5.023319164911906,
    5.256531794865926,
    5.124270598093669,
    4.826442162195842,
    4.695031642913818,
    4.396574338277181,
    5.313428163528442,
    7.974082628885905,
    6.1675764719645185,
    5.377091288566589,
    5.920902689297994,
    4.702583849430084
  ],
  "val_loss": [
    9.169584274291992,
    11.368286609649658,
    7.3971943855285645,
    7.150233030319214,
    7.115346431732178,
    7.167198896408081,
    6.254509925842285,
    8.745842456817627,
    6.7666261196136475,
    6.650253534317017,
    9.022080421447754,
    6.672769546508789,
    7.7760491371154785,
    7.349674701690674,
    9.302304744720459,
    9.481282234191895,
    12.513417720794678,
    5.552363872528076,
    10.648172378540039,
    9.406749248504639,
    6.8473961353302,
    9.017893075942993,
    7.357679843902588,
    10.085612297058105,
    12.112754344940186,
    5.603500843048096,
    13.551121234893799,
    5.241828680038452,
    13.881970882415771,
    8.822474956512451,
    11.298523426055908,
    7.05456805229187,
    7.908121824264526,
    11.759121417999268,
    8.111431121826172,
    9.490646839141846,
    11.073050498962402,
    10.422444820404053,
    8.788539171218872,
    10.619961261749268,
    9.384156703948975,
    11.53001356124878,
    5.54129695892334,
    11.982194900512695,
    7.078129053115845,
    11.296186447143555,
    7.420663356781006,
    10.345961570739746
  ],
  "train_rmse": [
    7.362041144328861,
    3.7144988308015225,
    3.4753510496808904,
    3.215004825380777,
    3.114698444055203,
    3.040598032754338,
    2.82852170069305,
    2.988013640744123,
    2.8764611553219646,
    2.82342729255254,
    2.6912468806282814,
    2.709107938669897,
    2.5416954122283184,
    2.5320994517725786,
    2.6447164225582886,
    2.6650746679670805,
    2.5616316836104303,
    2.587846679314373,
    2.6766180581619343,
    2.404686357821366,
    2.460869488457523,
    2.337218376778938,
    2.254260268415688,
    2.4404124930616757,
    2.2819748863356177,
    2.5259410615268467,
    2.5595184285982837,
    2.6508486414538006,
    2.5155880374443864,
    2.3779658822001544,
    2.2993676809125474,
    2.512292585778985,
    2.186046771576105,
    2.2268887464862934,
    2.229277123777658,
    2.242871542338555,
    2.241276359849879,
    2.292712741577773,
    2.2636851457629765,
    2.1969164219040156,
    2.166802169768578,
    2.0968010151711822,
    2.30508750418439,
    2.823841792654147,
    2.483460551935303,
    2.3188556246079397,
    2.433290514721665,
    2.168544163678812
  ],
  "val_rmse": [
    3.028132142805527,
    3.3716889140032626,
    2.71977845832445,
    2.67399192068724,
    2.667460671075054,
    2.677162515580005,
    2.5009018225116884,
    2.9573369743707714,
    2.601273895843163,
    2.5788086880520535,
    3.0036776571019463,
    2.583170352429671,
    2.788556905274238,
    2.711028435580828,
    3.0499680689406596,
    3.0791692366393586,
    3.5374308818629263,
    2.3563454484705924,
    3.263153747303372,
    3.0670425046519645,
    2.6167529300473937,
    3.0029806588661896,
    2.712504349102981,
    3.1757853039930306,
    3.480338320016797,
    2.3671713850524085,
    3.68118495397953,
    2.2895040769688597,
    3.7258516349391333,
    2.9702650520913605,
    3.3613276994207313,
    2.65604372906593,
    2.8121382586647385,
    3.429157607173579,
    2.848057596942254,
    3.0806892674050537,
    3.327619200763225,
    3.2283810716157557,
    2.9645471638134904,
    3.258828130618752,
    3.063357174863247,
    3.3955871555207215,
    2.3539959555877195,
    3.4615307163901776,
    2.660475477874506,
    3.3609799831512763,
    2.7240894546216734,
    3.2165138847422603
  ],
  "train_mae": [
    5.189517498016357,
    2.92791485786438,
    2.789680004119873,
    2.674076557159424,
    2.4368479251861572,
    2.3841392993927,
    2.349198341369629,
    2.3710861206054688,
    2.3023037910461426,
    2.2290613651275635,
    2.1104819774627686,
    2.1190435886383057,
    2.0026133060455322,
    2.022970676422119,
    2.0119688510894775,
    1.9724161624908447,
    1.9054089784622192,
    2.1024832725524902,
    2.0674045085906982,
    1.7755284309387207,
    1.8647516965866089,
    1.8157596588134766,
    1.7364494800567627,
    1.8470568656921387,
    1.6708890199661255,
    1.9731515645980835,
    1.9346572160720825,
    2.0331156253814697,
    1.968504548072815,
    1.7301133871078491,
    1.6562130451202393,
    1.9118131399154663,
    1.6350836753845215,
    1.6358915567398071,
    1.6776405572891235,
    1.659232497215271,
    1.6199198961257935,
    1.6739997863769531,
    1.640876293182373,
    1.6074649095535278,
    1.560510277748108,
    1.5491747856140137,
    1.7777644395828247,
    2.0698986053466797,
    1.9771044254302979,
    1.6617156267166138,
    1.7652242183685303,
    1.560742735862732
  ],
  "val_mae": [
    2.3465824127197266,
    2.8104286193847656,
    2.197300672531128,
    2.1875863075256348,
    2.3227086067199707,
    2.3880977630615234,
    2.053926944732666,
    2.6824421882629395,
    2.277289867401123,
    2.2312614917755127,
    2.6984639167785645,
    2.2046380043029785,
    2.5449399948120117,
    2.407346248626709,
    2.748202323913574,
    2.689411163330078,
    3.1318111419677734,
    1.990965485572815,
    2.9059040546417236,
    2.724282741546631,
    2.4045093059539795,
    2.7122225761413574,
    2.375366687774658,
    2.815089702606201,
    3.0927610397338867,
    2.1376278400421143,
    3.2552859783172607,
    2.0380313396453857,
    3.322650194168091,
    2.676060676574707,
    2.986675262451172,
    2.3854548931121826,
    2.508493423461914,
    3.0896620750427246,
    2.5382087230682373,
    2.7822651863098145,
    2.9675002098083496,
    2.882293701171875,
    2.6383681297302246,
    2.875126361846924,
    2.7526538372039795,
    3.0347180366516113,
    2.1053996086120605,
    3.092106819152832,
    2.3961856365203857,
    3.003446578979492,
    2.4424452781677246,
    2.874523162841797
  ],