target,MAE,RMSE,R2,Pearson,Pearson_p,Spearman,Spearman_p
overall,0.7819391489028931,1.0630846658867612,-0.06230630725622177,,,,
target1_pIC50,0.7342811822891235,0.9689984772023615,-0.08953726291656494,0.05776291713118553,0.7535073015359933,0.11400293255131963,0.5344214029692845
target2_pIC50,0.7279592752456665,1.0881387917193999,0.04431945085525513,0.23523081839084625,0.19497561939301147,0.29068914956011727,0.10651981931412519
target3_pIC50,0.7341505289077759,1.1020263344652244,-0.0724402666091919,-0.17551496624946594,0.3366290871036113,-0.2067448680351906,0.25624382755029373
target4_pIC50,0.9223181009292603,1.1087946918688016,-0.20134222507476807,0.28544583916664124,0.11327745978094174,0.3414902406423698,0.055766681473107906
target5_pIC50,0.7909870147705078,1.0410827271554812,0.007468760013580322,0.09738794714212418,0.5959358035614085,0.093841642228739,0.6094505407693276
