{
  "train": {
    "target1_pIC50": {
      "MSE": 1.1666200930584671,
      "RMSE": 1.08010189012818,
      "R2": 0.01850195428161594
    },
    "target2_pIC50": {
      "MSE": 1.3121486509539282,
      "RMSE": 1.14549057218029,
      "R2": -0.03690457427919802
    },
    "target3_pIC50": {
      "MSE": 1.3470412943783754,
      "RMSE": 1.1606210813087858,
      "R2": -0.05490103745907415
    },
    "target4_pIC50": {
      "MSE": 2.499829948375097,
      "RMSE": 1.5810850541242547,
      "R2": -0.8307210674352037
    },
    "target5_pIC50": {
      "MSE": 1.2338213742313866,
      "RMSE": 1.110775123160123,
      "R2": 0.05788289161214333
    },
    "overall": {
      "MSE": 1.5118922721994505,
      "RMSE": 1.2295902863146937,
      "R2": -0.16922836665594346
    }
  },
  "test": {
    "target1_pIC50": {
      "MSE": 1.3508245624169348,
      "RMSE": 1.162249784864224,
      "R2": -0.01964541628793759
    },
    "target2_pIC50": {
      "MSE": 1.2192078433196059,
      "RMSE": 1.104177451010301,
      "R2": -0.05947435672158119
    },
    "target3_pIC50": {
      "MSE": 1.3505905149493393,
      "RMSE": 1.162149093253245,
      "R2": -0.06018999470142328
    },
    "target4_pIC50": {
      "MSE": 2.145764724843687,
      "RMSE": 1.4648429010797326,
      "R2": -0.5997227677390999
    },
    "target5_pIC50": {
      "MSE": 1.3667924282242792,
      "RMSE": 1.1690989813631176,
      "R2": 0.0027415478754904132
    },
    "overall": {
      "MSE": 1.486636014750769,
      "RMSE": 1.2192768408982304,
      "R2": -0.14725819751490998
    }
  }
}