{
  "train_metrics": {
    "pIC50_mse": 3.0826057790261516,
    "pIC50_rmse": 1.7557351107231842,
    "pIC50_r2": 0.5181899062116042,
    "total_mse": 3.0826057790261516,
    "total_rmse": 1.7557351107231842,
    "total_r2": 0.5181899062116042
  },
  "val_metrics": {
    "pIC50_mse": 4.346962681756461,
    "pIC50_rmse": 2.0849370929974027,
    "pIC50_r2": 0.3561042569163386,
    "total_mse": 4.346962681756461,
    "total_rmse": 2.0849370929974027,
    "total_r2": 0.3561042569163386
  },
  "test_metrics": {
    "pIC50_mse": 5.290939651189683,
    "pIC50_rmse": 2.300204262927465,
    "pIC50_r2": 0.2269506973015627,
    "total_mse": 5.290939651189683,
    "total_rmse": 2.300204262927465,
    "total_r2": 0.2269506973015627
  }
}