{
  "train_loss": [
    1.6674707302680383,
    1.7725855845671434,
    1.3254120166485126,
    1.6504129904967089,
    1.3831798296708326
  ],
  "val_loss": [
    1.422729730606079,
    1.7240796089172363,
    2.293037176132202,
    1.5738747119903564,
    1.7973049879074097
  ],
  "train_rmse": [
    1.3296007372367504,
    1.3909664806328514,
    1.0945593428018674,
    1.352127309984306,
    1.1421315420822815
  ],
  "val_rmse": [
    1.184271791334545,
    1.3159635801319516,
    1.5690638194090967,
    1.2868935110234625,
    1.408060899978007
  ],
  "train_mae": [
    1.057920217514038,
    1.0440752506256104,
    0.8494877219200134,
    1.0493972301483154,
    0.8603779077529907
  ],
  "val_mae": [
    0.7706639170646667,
    0.877382755279541,
    1.0959042310714722,
    0.8604106307029724,
    0.9625933766365051
  ],
  "train_r2": [
    -0.7910836935043335,
    -0.9602285623550415,
    -0.21381378173828125,
    -0.8522881269454956,
    -0.32161712646484375
  ],
  "val_r2": [
    -0.15899670124053955,
    -0.43109071254730225,
    -1.0345137119293213,
    -0.3685624599456787,
    -0.638408899307251
  ],
  "learning_rate": [
    0.001,
    0.001,
    0.001,
    0.001,
    0.001
  ],
  "epoch_times": [
    0.6296689510345459,
    0.5464835166931152,
    0.5411183834075928,
    0.5398387908935547,
    0.5500764846801758
  ]
}