{
  "train_metrics": {
    "pIC50_mse": 3.08803391456604,
    "pIC50_rmse": 1.7572802606772888,
    "pIC50_r2": 0.5173414945602417,
    "total_mse": 3.08803391456604,
    "total_rmse": 1.7572802606772888,
    "total_r2": 0.5173414945602417
  },
  "val_metrics": {
    "pIC50_mse": 4.300196170806885,
    "pIC50_rmse": 2.073691435775073,
    "pIC50_r2": 0.36303162574768066,
    "total_mse": 4.300196170806885,
    "total_rmse": 2.073691435775073,
    "total_r2": 0.36303162574768066
  },
  "test_metrics": {
    "pIC50_mse": 5.74730920791626,
    "pIC50_rmse": 2.3973546270663126,
    "pIC50_r2": 0.16027140617370605,
    "total_mse": 5.74730920791626,
    "total_rmse": 2.3973546270663126,
    "total_r2": 0.16027140617370605
  }
}