{
  "train": {
    "target1_pIC50": {
      "MSE": 1.1647149965249324,
      "RMSE": 1.0792196238601912,
      "R2": 0.020104745572195548
    },
    "target2_pIC50": {
      "MSE": 1.2823365321072868,
      "RMSE": 1.1324029901529256,
      "R2": -0.013346022145211967
    },
    "target3_pIC50": {
      "MSE": 1.3088294435778487,
      "RMSE": 1.1440408399956046,
      "R2": -0.02497640098287124
    },
    "target4_pIC50": {
      "MSE": 2.029036662030632,
      "RMSE": 1.4244425794080406,
      "R2": -0.48594114019331247
    },
    "target5_pIC50": {
      "MSE": 1.24781881143086,
      "RMSE": 1.117058105664544,
      "R2": 0.047194776351193735
    },
    "overall": {
      "MSE": 1.4065472891343123,
      "RMSE": 1.1859794640440922,
      "R2": -0.0913928082796019
    }
  },
  "test": {
    "target1_pIC50": {
      "MSE": 1.3434230611509212,
      "RMSE": 1.1590612844672714,
      "R2": -0.014058527324327885
    },
    "target2_pIC50": {
      "MSE": 1.1993030638227127,
      "RMSE": 1.0951269624215783,
      "R2": -0.04217738511111602
    },
    "target3_pIC50": {
      "MSE": 1.3190371245719743,
      "RMSE": 1.1484934151191177,
      "R2": -0.03542113366862898
    },
    "target4_pIC50": {
      "MSE": 1.7765475961911787,
      "RMSE": 1.3328719354053407,
      "R2": -0.32446190614221604
    },
    "target5_pIC50": {
      "MSE": 1.365161975715538,
      "RMSE": 1.1684014617054952,
      "R2": 0.003931181730312261
    },
    "overall": {
      "MSE": 1.400694564290465,
      "RMSE": 1.1835094272081084,
      "R2": -0.0824375541031949
    }
  }
}