{
  "train_loss": [
    8.047884677847227,
    5.878716260194778,
    5.316531074543794,
    5.202389831344287,
    5.093553612629573,
    5.059611424803734,
    5.032506659626961,
    5.0165993347764015,
    5.039364670713742,
    5.040087314943473,
    5.020650923252106,
    5.045808566113313,
    5.036574254433314,
    5.034802990655105,
    4.998482788602511,
    5.09792519112428,
    5.029868905742963,
    5.040637279550235,
    5.027891620993614,
    5.022638949255149,
    5.028040980299314,
    5.059844640394052
  ],
  "val_loss": [
    4.569954723119736,
    4.8086052015423775,
    4.577614143490791,
    4.566489607095718,
    4.587580673396587,
    4.577688351273537,
    4.5654768869280815,
    4.56550519913435,
    4.570522680878639,
    4.575409963726997,
    4.588282406330109,
    4.586391448974609,
    4.584182910621166,
    4.590614810585976,
    4.58262711763382,
    4.576491340994835,
    4.588054083287716,
    4.587973766028881,
    4.585447162389755,
    4.584178850054741,
    4.580739252269268,
    4.5816608145833015
  ],
  "train_rmse": [
    1.1588308039106854,
    1.0148304692457304,
    0.9285857460207216,
    1.0954704921688427,
    1.1335861195281824,
    1.1036279671797948,
    0.7841415681041836,
    0.9064471918179889,
    0.8196016774131064,
    1.0084418763833234,
    1.0651391294876507,
    1.0298544370698361,
    0.996368101148515,
    1.0290804496100945,
    1.178869658673947,
    1.026385132027511,
    1.0106885812890554,
    1.0378863339233133,
    1.0064670541888605,
    0.8815749617611613,
    0.9499717206259425,
    0.6664296762121129
  ],
  "val_rmse": [
    1.1384766085721705,
    1.157173046049606,
    1.1406187292475316,
    1.1400963590286934,
    1.1415518561409241,
    1.140320567434161,
    1.139790164140257,
    1.1391817132550976,
    1.1404344582461974,
    1.140582358203355,
    1.1413542624037152,
    1.1408573593292162,
    1.140874495719229,
    1.1413944732037575,
    1.1399236116415028,
    1.1399162912588232,
    1.1410837165551246,
    1.1411310405924417,
    1.1405976174608097,
    1.1402440414724666,
    1.1400797337539188,
    1.1405909284963707
  ],
  "train_mae": [
    0.8375647664070129,
    0.7124399542808533,
    0.7042354941368103,
    0.8017327189445496,
    0.8421509861946106,
    0.8400829434394836,
    0.5816702246665955,
    0.6959200501441956,
    0.6351487040519714,
    0.7337389588356018,
    0.80665522813797,
    0.77774977684021,
    0.7499727606773376,
    0.772819995880127,
    0.8544500470161438,
    0.7790060043334961,
    0.667590320110321,
    0.7930942177772522,
    0.7689974904060364,
    0.669548511505127,
    0.7154116034507751,
    0.5284541249275208
  ],
  "val_mae": [
    0.884941816329956,
    0.8697077631950378,
    0.8874009847640991,
    0.8866324424743652,
    0.8853775262832642,
    0.886509120464325,
    0.887062668800354,
    0.8860124349594116,
    0.8877993226051331,
    0.8872524499893188,
    0.8855425715446472,
    0.8849849700927734,
    0.8855499029159546,
    0.8850156664848328,
    0.8852206468582153,
    0.8854610323905945,
    0.8846346139907837,
    0.884659469127655,
    0.8842748403549194,
    0.88414067029953,
    0.8845618367195129,
    0.884984016418457
  ],
  "train_r2": [
    -0.6703522205352783,
    -0.14871299266815186,
    -0.09937095642089844,
    -0.043982625007629395,
    -0.005505919456481934,
    -0.0025124549865722656,
    -0.00780332088470459,
    -0.014990925788879395,
    -0.010105252265930176,
    -0.004172921180725098,
    -0.02104771137237549,
    -0.00939643383026123,
    -0.041863203048706055,
    -0.0209352970123291,
    -0.06473076343536377,
    -0.025563955307006836,
    -0.02197587490081787,
    0.0025123953819274902,
    -0.030804038047790527,
    -0.0029823780059814453,
    -0.01797652244567871,
    -0.025671720504760742
  ],
  "val_r2": [
    -0.00383758544921875,
    -0.0370790958404541,
    -0.0076187849044799805,
    -0.006696105003356934,
    -0.009268045425415039,
    -0.007091999053955078,
    -0.00615537166595459,
    -0.0050814151763916016,
    -0.007293224334716797,
    -0.007554531097412109,
    -0.00891876220703125,
    -0.008040428161621094,
    -0.008070707321166992,
    -0.008989810943603516,
    -0.006391048431396484,
    -0.006378054618835449,
    -0.008440494537353516,
    -0.008524060249328613,
    -0.007581472396850586,
    -0.006956934928894043,
    -0.006666660308837891,
    -0.007569670677185059
  ],
  "learning_rate": [
    0.001,
    0.001,
    0.001,
    0.001,
    0.001,
    0.001,
    0.001,
    0.001,
    0.001,
    0.001,
    0.001,
    0.001,
    0.001,
    0.001,
    0.001,
    0.001,
    0.001,
    0.0005,
    0.0005,
    0.0005,
    0.0005,
    0.0005
  ],
  "epoch_times": [
    0.1794285774230957,
    0.1733241081237793,
    0.1604301929473877,
    0.19672298431396484,
    0.1738433837890625,
    0.1557331085205078,
    0.14879655838012695,
    0.1685342788696289,
    0.23337769508361816,
    0.16632556915283203,
    0.15709900856018066,
    0.14307093620300293,
    0.178635835647583,
    0.14722561836242676,
    0.1581878662109375,
    0.15082097053527832,
    0.1535816192626953,
    0.17120885848999023,
    0.13932156562805176,
    0.16969752311706543,
    0.17339706420898438,
    0.15436935424804688
  ]
}