{
  "trained_models": {
    "TAR_001": "single_target_experiments\\experiment_20251106_164820\\TAR_001\\TAR_001_model.pkl"
  },
  "results": {
    "TAR_001": {
      "train_metrics": {
        "mse": 0.8034118536371483,
        "rmse": 0.8963324459357411,
        "r2": 0.8808394688725502
      },
      "val_metrics": {
        "mse": 4.638393006035825,
        "rmse": 2.1536928764417236,
        "r2": 0.10094359632574934
      },
      "test_metrics": {
        "mse": 4.77982200687307,
        "rmse": 2.186280404447945,
        "r2": 0.1277216187581376
      }
    }
  }
}