{
  "target_name": "TAR_001",
  "fingerprint_dim": 2048,
  "descriptor_dim": 25,
  "weights": {
    "rf": 0.5977659895411327,
    "xgb": 0.0,
    "lgb": 0.017717014729443148,
    "ridge": 0.38451699572942427
  },
  "is_fitted": true
}