{
  "train_metrics": {
    "TAR_001_mse": 0.7455623715200623,
    "TAR_001_rmse": 0.8634595367010908,
    "TAR_001_r2": 0.8894195949726478,
    "TAR_002_mse": 0.2628517485432499,
    "TAR_002_rmse": 0.5126906948085267,
    "TAR_002_r2": 0.931410270415769,
    "TAR_003_mse": 0.9701814408002013,
    "TAR_003_rmse": 0.9849778884828844,
    "TAR_003_r2": 0.6520764113353243,
    "TAR_004_mse": 0.9938013765311456,
    "TAR_004_rmse": 0.9968958704554581,
    "TAR_004_r2": 0.7954062914298965,
    "TAR_005_mse": 1.8138539297020668,
    "TAR_005_rmse": 1.346793944782225,
    "TAR_005_r2": 0.7131031503840447,
    "total_mse": 0.9572501734193452,
    "total_rmse": 0.9783916257917098,
    "total_r2": 0.7962831437075364
  },
  "val_metrics": {
    "TAR_001_mse": 4.978708698719302,
    "TAR_001_rmse": 2.2313020187144774,
    "TAR_001_r2": 0.03498044866237182,
    "TAR_002_mse": 2.597227199868249,
    "TAR_002_rmse": 1.6115915114780943,
    "TAR_002_r2": 0.2054922517502752,
    "TAR_003_mse": 1.6077515736658432,
    "TAR_003_rmse": 1.2679714403983409,
    "TAR_003_r2": -0.05639650283880804,
    "TAR_004_mse": 1.9442388213382547,
    "TAR_004_rmse": 1.3943596456216936,
    "TAR_004_r2": 0.277250198786257,
    "TAR_005_mse": 3.218879672242658,
    "TAR_005_rmse": 1.7941236502099451,
    "TAR_005_r2": 0.11210745780575537,
    "total_mse": 2.8693611931668612,
    "total_rmse": 1.6939188862418593,
    "total_r2": 0.11468677083317047
  },
  "test_metrics": {
    "TAR_001_mse": 4.08957212363531,
    "TAR_001_rmse": 2.0222690532259326,
    "TAR_001_r2": 0.25368657099636993,
    "TAR_002_mse": 4.199553455773611,
    "TAR_002_rmse": 2.0492812046602125,
    "TAR_002_r2": 0.1568993825960795,
    "TAR_003_mse": 2.7493943233678064,
    "TAR_003_rmse": 1.6581297667455965,
    "TAR_003_r2": 0.11179799993248207,
    "TAR_004_mse": 3.029618890164311,
    "TAR_004_rmse": 1.7405800441704227,
    "TAR_004_r2": 0.360697649782027,
    "TAR_005_mse": 6.117515027682499,
    "TAR_005_rmse": 2.4733610791153198,
    "TAR_005_r2": 0.0891946788970428,
    "total_mse": 4.037130764124708,
    "total_rmse": 2.0092612483509225,
    "total_r2": 0.19445525644080025
  }
}