{
  "test_metrics": {
    "mse": 4.4806976318359375,
    "rmse": 2.1167658424672147,
    "r2": -0.514365017414093
  }
}