{
  "params": {
    "max_depth": 5,
    "eta": 0.02640188968402158,
    "subsample": 0.9670595003628942,
    "colsample_bytree": 0.5266260735152801,
    "lambda": 1.828228527590418e-06,
    "alpha": 0.005303941837819122,
    "min_child_weight": 2
  },
  "value": 1.6919323921203613
}