{
  "train_metrics": {
    "pIC50_mse": 3.0390336513519287,
    "pIC50_rmse": 1.7432824359098926,
    "pIC50_r2": 0.5250002145767212,
    "total_mse": 3.0390336513519287,
    "total_rmse": 1.7432824359098926,
    "total_r2": 0.5250002145767212
  },
  "val_metrics": {
    "pIC50_mse": 4.460151195526123,
    "pIC50_rmse": 2.1119070044692125,
    "pIC50_r2": 0.33933818340301514,
    "total_mse": 4.460151195526123,
    "total_rmse": 2.1119070044692125,
    "total_r2": 0.33933818340301514
  },
  "test_metrics": {
    "pIC50_mse": 5.95894718170166,
    "pIC50_rmse": 2.4410954880343496,
    "pIC50_r2": 0.12934935092926025,
    "total_mse": 5.95894718170166,
    "total_rmse": 2.4410954880343496,
    "total_r2": 0.12934935092926025
  }
}