{
  "train_loss": [
    1.7620696287888746,
    1.7552522329183726,
    1.5386380690794725,
    1.5243172828967755,
    1.6168327148144062
  ],
  "val_loss": [
    52.371307373046875,
    19.23116683959961,
    2.229909658432007,
    1.4749428033828735,
    1.8364628553390503
  ],
  "train_rmse": [
    1.3176629833916556,
    1.2716873874117747,
    1.27163334455783,
    1.225831998767727,
    1.3346752427524582
  ],
  "val_rmse": [
    7.3211193963141925,
    4.447247826394445,
    1.5932880554921787,
    1.0400416414470666,
    1.1065349492045133
  ],
  "train_mae": [
    1.0492743253707886,
    1.0013304948806763,
    0.9996316432952881,
    0.9195525646209717,
    1.052485466003418
  ],
  "val_mae": [
    6.933152675628662,
    4.04988956451416,
    0.9793765544891357,
    0.7666905522346497,
    0.9358335137367249
  ],
  "train_r2": [
    -0.7590657472610474,
    -0.638453483581543,
    -0.6383142471313477,
    -0.5224229097366333,
    -0.8047813177108765
  ],
  "val_r2": [
    -43.292930603027344,
    -15.344139099121094,
    -1.0978188514709473,
    0.1061166524887085,
    -0.011834979057312012
  ],
  "learning_rate": [
    0.001,
    0.001,
    0.001,
    0.001,
    0.001
  ],
  "epoch_times": [
    0.7319896221160889,
    0.5451593399047852,
    0.5390763282775879,
    0.5412707328796387,
    0.5755243301391602
  ]
}