{
  "train_loss": [
    55.51345650355021,
    4.989299456278483,
    1.7643588383992512,
    1.2066790958245595,
    1.1991001168886821,
    1.1697221597035725,
    1.1060788035392761,
    1.0537322759628296,
    1.0466634432474773,
    1.1260562042395275,
    1.056889573733012,
    1.098187764485677,
    0.9937223494052887,
    1.1019365290800731,
    1.0438886384169261,
    1.015717476606369,
    1.007199098666509,
    1.007264385620753,
    1.0129955609639485,
    1.090198854605357,
    1.038655291001002,
    0.9880067308743795,
    1.0233832101027172,
    1.0040276447931926,
    1.004463662703832,
    0.9971380333105723,
    1.0172235767046611,
    0.9594926734765371,
    0.9832483430703481,
    0.9751531978448232
  ],
  "val_loss": [
    3.0132042169570923,
    1.239057719707489,
    1.0737234950065613,
    1.0855743288993835,
    1.0270034670829773,
    0.9820007085800171,
    0.9401997625827789,
    0.9761130809783936,
    0.9772570729255676,
    0.8846449255943298,
    0.9204677939414978,
    0.9311794638633728,
    0.921470433473587,
    0.9520342946052551,
    0.9052802920341492,
    0.9425427317619324,
    0.9464604258537292,
    0.8926407694816589,
    0.9219589233398438,
    0.9126834869384766,
    0.919754147529602,
    0.9461418390274048,
    0.8971467912197113,
    0.9121293425559998,
    0.9215866029262543,
    0.8872532844543457,
    0.910169929265976,
    0.9175642430782318,
    0.9456296861171722,
    0.949675977230072
  ],
  "train_rmse": [
    7.450735160858683,
    2.2336739460657107,
    1.3282917142464155,
    1.0984894112140442,
    1.095034254052177,
    1.081536906550448,
    1.051702783078295,
    1.0265146253039115,
    1.0230657470174325,
    1.0611579497442498,
    1.0280513864617233,
    1.0479445616167427,
    0.9968562480155356,
    1.0497316130999013,
    1.0217086516606257,
    1.007828054381997,
    1.003593069424043,
    1.0036256746894905,
    1.006476766493439,
    1.0441259472318756,
    1.0191443867612158,
    0.9939852669965308,
    1.0116240703805215,
    1.0020117789012077,
    1.0022293513153262,
    0.9985680162017556,
    1.0085750326935898,
    0.9795370044134573,
    0.9915888023795224,
    0.9874984596337002
  ],
  "val_rmse": [
    1.7358583173023663,
    1.1131296690425803,
    1.0362063282045744,
    1.0419090116243492,
    1.0134118248212924,
    0.990959488869256,
    0.9696389395933993,
    0.9879843827627228,
    0.9885631656754222,
    0.9405556155750096,
    0.9594100659948321,
    0.964976374974397,
    0.959932530585306,
    0.9757224475255528,
    0.9514621863396092,
    0.9708463689777531,
    0.9728619461409129,
    0.9447966500136493,
    0.9601868589657714,
    0.9553446953526651,
    0.9590381366398325,
    0.9726981648065937,
    0.9471783469980898,
    0.9550546592528851,
    0.9599930378542214,
    0.9419412319536424,
    0.9540282487765515,
    0.9578957215041256,
    0.9724349417413458,
    0.9745131695495075
  ],
  "train_mae": [
    4.792038440704346,
    1.7180583477020264,
    1.0138134956359863,
    0.839960515499115,
    0.8182867765426636,
    0.793764054775238,
    0.7943153381347656,
    0.7482616305351257,
    0.757482647895813,
    0.7811722159385681,
    0.7757123112678528,
    0.7783231735229492,
    0.7413530945777893,
    0.801686704158783,
    0.7493520379066467,
    0.7636473178863525,
    0.7448042631149292,
    0.723385214805603,
    0.768886923789978,
    0.7675578594207764,
    0.7606147527694702,
    0.7260848879814148,
    0.7129689455032349,
    0.756893515586853,
    0.7452607750892639,
    0.7207426428794861,
    0.7714129090309143,
    0.7090670466423035,
    0.7078272104263306,
    0.7023969292640686
  ],
  "val_mae": [
    1.322124719619751,
    0.9064146280288696,
    0.7611910104751587,
    0.7456361651420593,
    0.7240157127380371,
    0.7209830284118652,
    0.6591838598251343,
    0.6751713752746582,
    0.6936241388320923,
    0.7030558586120605,
    0.6917151212692261,
    0.6833642721176147,
    0.6858855485916138,
    0.6820328235626221,
    0.6992744207382202,
    0.6828430891036987,
    0.6577790975570679,
    0.7191649675369263,
    0.7106288075447083,
    0.6976093053817749,
    0.6830433011054993,
    0.6781536340713501,
    0.6841608285903931,
    0.7035643458366394,
    0.6801403164863586,
    0.7063604593276978,
    0.6673194169998169,
    0.668768048286438,
    0.7022140026092529,
    0.6559544205665588
  ],
  "train_r2": [
    -54.37788009643555,
    -3.977114677429199,
    -0.7600500583648682,
    -0.20373201370239258,
    -0.19617164134979248,
    -0.16686546802520752,
    -0.10337746143341064,
    -0.051158905029296875,
    -0.04410743713378906,
    -0.12330615520477295,
    -0.054308533668518066,
    -0.09550583362579346,
    0.00870448350906372,
    -0.09924530982971191,
    -0.04133927822113037,
    -0.0132368803024292,
    -0.004739284515380859,
    -0.004804491996765137,
    -0.010521650314331055,
    -0.08753657341003418,
    -0.03611874580383301,
    0.014406204223632812,
    -0.020883917808532715,
    -0.0015755891799926758,
    -0.0020104646682739258,
    0.005297064781188965,
    -0.014739274978637695,
    0.0428505539894104,
    0.019152939319610596,
    0.02722829580307007
  ],
  "val_r2": [
    -2.3487632274627686,
    -0.37704265117645264,
    -0.1932964324951172,
    -0.20646703243255615,
    -0.1413736343383789,
    -0.09135913848876953,
    -0.04490303993225098,
    -0.0848158597946167,
    -0.08608734607696533,
    0.016838490962982178,
    -0.02297365665435791,
    -0.03487825393676758,
    -0.024088025093078613,
    -0.05805552005767822,
    -0.006094932556152344,
    -0.04750692844390869,
    -0.051860928535461426,
    0.007952272891998291,
    -0.02463078498840332,
    -0.014322519302368164,
    -0.022180557250976562,
    -0.051506757736206055,
    0.002944350242614746,
    -0.013706803321838379,
    -0.02421712875366211,
    0.013939619064331055,
    -0.011529088020324707,
    -0.019746780395507812,
    -0.050937771797180176,
    -0.055434584617614746
  ],
  "learning_rate": [
    0.001,
    0.001,
    0.001,
    0.001,
    0.001,
    0.001,
    0.001,
    0.001,
    0.001,
    0.001,
    0.001,
    0.001,
    0.001,
    0.001,
    0.001,
    0.001,
    0.001,
    0.001,
    0.001,
    0.001,
    0.001,
    0.001,
    0.001,
    0.001,
    0.001,
    0.001,
    0.001,
    0.001,
    0.001,
    0.001
  ],
  "epoch_times": [
    0.19662714004516602,
    0.12195634841918945,
    0.13405251502990723,
    0.11617684364318848,
    0.11114907264709473,
    0.1183466911315918,
    0.11740994453430176,
    0.11452889442443848,
    0.11447715759277344,
    0.11167335510253906,
    0.12519526481628418,
    0.11878418922424316,
    0.10959100723266602,
    0.12663865089416504,
    0.15351605415344238,
    0.11396145820617676,
    0.11083459854125977,
    0.11934304237365723,
    0.1145477294921875,
    0.11610960960388184,
    0.12035250663757324,
    0.11190056800842285,
    0.11089324951171875,
    0.10272884368896484,
    0.10611510276794434,
    0.10869145393371582,
    0.10960841178894043,
    0.10609745979309082,
    0.11364316940307617,
    0.10725235939025879
  ]
}