{
  "validation_metrics": {
    "target1_pIC50": {
      "mse": 1.1780099525947876,
      "rmse": 1.085361669027789,
      "r2": 0.007892469767129207
    },
    "target2_pIC50": {
      "mse": 1.37260639620255,
      "rmse": 1.1715828592987139,
      "r2": -0.022046201263208554
    },
    "target3_pIC50": {
      "mse": 1.2197723031790384,
      "rmse": 1.104433023401165,
      "r2": -0.008092399696892238
    },
    "target4_pIC50": {
      "mse": 1.2424531126146063,
      "rmse": 1.1146538084152435,
      "r2": -0.05397983122900052
    },
    "target5_pIC50": {
      "mse": 1.448045760614913,
      "rmse": 1.2033477305479547,
      "r2": -0.0066111916705240414
    },
    "overall": {
      "mse": 1.2921775050411792,
      "rmse": 1.1367398581211003,
      "r2": -0.016567430818499252
    }
  },
  "test_metrics": {
    "target1_pIC50": {
      "mse": 1.3322458882778483,
      "rmse": 1.154229564808426,
      "r2": -0.005621641140754585
    },
    "target2_pIC50": {
      "mse": 1.1322319579066586,
      "rmse": 1.064063888075645,
      "r2": 0.01610645647042841
    },
    "target3_pIC50": {
      "mse": 1.251168938922254,
      "rmse": 1.1185566319691882,
      "r2": 0.01785420818216965
    },
    "target4_pIC50": {
      "mse": 1.2513770886691495,
      "rmse": 1.1186496720015384,
      "r2": 0.06706620880025005
    },
    "target5_pIC50": {
      "mse": 1.358578332354491,
      "rmse": 1.1655806846179682,
      "r2": 0.008734832856846064
    },
    "overall": {
      "mse": 1.2651204412260806,
      "rmse": 1.1247757293016598,
      "r2": 0.020828013033787986
    }
  }
}