{
  "fingerprint_dim": 2048,
  "descriptor_dim": 25,
  "target_columns": [
    "TAR_001",
    "TAR_002",
    "TAR_003",
    "TAR_004",
    "TAR_005"
  ],
  "weights": {
    "rf": 0.9906618253116666,
    "xgb": 0.0,
    "lgb": 0.0,
    "gb": 0.009338174688333421,
    "ridge": 0.0
  },
  "is_fitted": true
}