{
  "train_metrics": {
    "TAR_001_mse": 0.7603797539983065,
    "TAR_001_rmse": 0.8719975653626026,
    "TAR_001_r2": 0.8872219087448023,
    "TAR_002_mse": 0.5058528975467743,
    "TAR_002_rmse": 0.7112333636344503,
    "TAR_002_r2": 0.8680004464705928,
    "TAR_003_mse": 0.37133355555998815,
    "TAR_003_rmse": 0.6093714430131988,
    "TAR_003_r2": 0.866833462475344,
    "TAR_004_mse": 0.6175267450929098,
    "TAR_004_rmse": 0.7858286995859275,
    "TAR_004_r2": 0.8728698813431117,
    "TAR_005_mse": 0.893285062425277,
    "TAR_005_rmse": 0.9451375891505306,
    "TAR_005_r2": 0.858709311691433,
    "total_mse": 0.6296756029246511,
    "total_rmse": 0.7935210160573261,
    "total_r2": 0.8707270021450567
  },
  "val_metrics": {
    "TAR_001_mse": 5.157338459401827,
    "TAR_001_rmse": 2.270977423798358,
    "TAR_001_r2": 0.0003567697245498991,
    "TAR_002_mse": 2.8758908647197914,
    "TAR_002_rmse": 1.6958451771078018,
    "TAR_002_r2": 0.12024732558769446,
    "TAR_003_mse": 1.4494252085481256,
    "TAR_003_rmse": 1.2039207650622716,
    "TAR_003_r2": 0.04763413296158314,
    "TAR_004_mse": 1.55539131962389,
    "TAR_004_rmse": 1.2471532863380868,
    "TAR_004_r2": 0.4218000614276547,
    "TAR_005_mse": 3.1903566656200733,
    "TAR_005_rmse": 1.786156954363214,
    "TAR_005_r2": 0.11997521536113653,
    "total_mse": 2.8456805035827415,
    "total_rmse": 1.6869144920779895,
    "total_r2": 0.1420027010125239
  },
  "test_metrics": {
    "TAR_001_mse": 3.765072336099104,
    "TAR_001_rmse": 1.9403794309616622,
    "TAR_001_r2": 0.31290512536479553,
    "TAR_002_mse": 5.027628671677299,
    "TAR_002_rmse": 2.2422374253582733,
    "TAR_002_r2": -0.009344655761249987,
    "TAR_003_mse": 2.6374706704999378,
    "TAR_003_rmse": 1.624029147059848,
    "TAR_003_r2": 0.1479553497484708,
    "TAR_004_mse": 2.904648291451785,
    "TAR_004_rmse": 1.7043028755041707,
    "TAR_004_r2": 0.3870686226210338,
    "TAR_005_mse": 5.680949206629803,
    "TAR_005_rmse": 2.3834741883707915,
    "TAR_005_r2": 0.15419271666681833,
    "total_mse": 4.003153835271586,
    "total_rmse": 2.0007883034623095,
    "total_r2": 0.19855543172797366
  }
}