{
  "trained_models": {
    "TAR_005": "single_target_experiments\\experiment_20251106_164838\\TAR_005\\TAR_005_model.pkl"
  },
  "results": {
    "TAR_005": {
      "train_metrics": {
        "mse": 7.386412806695279e-06,
        "rmse": 0.0027177955785333227,
        "r2": 0.999998831692823
      },
      "val_metrics": {
        "mse": 4.3054945255046375,
        "rmse": 2.0749685601243786,
        "r2": -0.18762329409793788
      },
      "test_metrics": {
        "mse": 6.757656922960553,
        "rmse": 2.5995493692100853,
        "r2": -0.006112752607716265
      }
    }
  }
}