{
  "train_loss": [
    270.6914927816391,
    1.165052642455468,
    1.0094326631839459,
    1.007075382562784,
    1.0070131162496714,
    1.0069940955822285,
    1.0069089453036968,
    1.0067699546080369,
    1.008129013134883,
    1.0067541316839366,
    1.0068913745880126,
    1.0069650277724633,
    1.006768045425415,
    1.0068179293779227,
    1.0067800452159001,
    1.0068465328216554,
    1.0079078047092145,
    1.0070057990000798,
    1.0067431277495165,
    1.0067828620397128,
    1.0067595017873323,
    1.0067994374495286,
    1.006764758366805,
    1.006760836289479,
    1.0068136207874006,
    1.0067596629949715,
    1.006754625760592,
    1.006767185834738,
    1.006759878213589,
    1.0067656428997334,
    1.006754221549401,
    1.0067589026231032,
    1.0067586752084585,
    1.0069210074498103,
    1.006776774112995,
    1.0067670132563664,
    1.006752107326801,
    1.0067594894996057,
    1.006750458937425,
    1.0067484395320598,
    1.0067492785820593,
    1.0067740823672369,
    1.0067649540534387,
    1.0067520222297082,
    1.0067581646259014,
    1.0067527829683744,
    1.0067538021161007,
    1.0067491491024312,
    1.0067480399058415,
    1.0067495599159828,
    1.0067469479487492,
    1.0067553696265588,
    1.006755282328679
  ],
  "val_loss": [
    1.5448613850275676,
    1.0687044246991475,
    1.0682138498624165,
    1.0713196547826132,
    1.0689869626363118,
    1.0694762023289999,
    1.0699351191520692,
    1.0700999553998312,
    1.0705474098523458,
    1.0703937498728435,
    1.069985326131185,
    1.0703860648473105,
    1.070228614807129,
    1.0701821939150493,
    1.0700717171033223,
    1.070218547185262,
    1.0701307066281636,
    1.0704797546068827,
    1.070272875626882,
    1.0702302145957947,
    1.0702239847183228,
    1.0702315672238667,
    1.0702776034673056,
    1.0702697046597798,
    1.0702558994293212,
    1.0702818751335144,
    1.0702723972002666,
    1.0702541383107502,
    1.070228900909424,
    1.070209380785624,
    1.0702481881777446,
    1.07004909435908,
    1.0703097359339395,
    1.0703356424967447,
    1.070241343975067,
    1.0702342812220256,
    1.0702501344680786,
    1.0702781367301941,
    1.0702896118164062,
    1.0703022472063701,
    1.0703143453598023,
    1.0702573720614115,
    1.0703099497159323,
    1.0702737498283386,
    1.0702459184328714,
    1.0702728541692097,
    1.0702911520004272,
    1.0703025031089783,
    1.0702925944328308,
    1.070306745370229,
    1.070309100151062,
    1.0703349979718526,
    1.0703120024998982
  ],
  "train_rmse": [
    16.45161603508955,
    1.0788317036546924,
    1.0056469739335174,
    1.0035182930571955,
    1.0026277943919264,
    1.003490911278196,
    1.003448560113818,
    1.003379297555455,
    1.0046047645307012,
    1.0033713374011033,
    1.0034397689047614,
    1.003480873085287,
    1.0033801292097289,
    1.0034031776396155,
    1.003384287470758,
    1.003365990993326,
    1.0034054943339559,
    1.0034967915930821,
    1.003365931588635,
    1.0033857131562867,
    1.0033740699985214,
    1.0033576148971972,
    1.0033952176747096,
    1.0033754362944398,
    1.0033087232387108,
    1.0033741294027305,
    1.0033716344229222,
    1.0033778718608106,
    1.003374248211138,
    1.0033771590127287,
    1.0033714562098415,
    1.0033737135731933,
    1.0033736541689597,
    1.0029208917427108,
    1.003337773369209,
    1.0033778124568231,
    1.0033703869306916,
    1.0033740699985214,
    1.0033695552683428,
    1.003368545391707,
    1.003368961223386,
    1.003381376689847,
    1.0033768025884977,
    1.003370327526261,
    1.0033734165519899,
    1.0033707433572014,
    1.0033712185923511,
    1.003368901818871,
    1.0033683671780773,
    1.0033690800324055,
    1.003367773132417,
    1.003371990848989,
    1.0033719314446534
  ],
  "val_rmse": [
    1.2273980957276303,
    1.033788562041579,
    1.0340093052664883,
    1.0314452246629982,
    1.0339182810597194,
    1.034154789006226,
    1.0343766641747494,
    1.0344563547278014,
    1.034358051541514,
    1.0343350013766994,
    1.034035187190791,
    1.0345946894030253,
    1.0345185816936522,
    1.0344960536595735,
    1.034442641244945,
    1.0345136843366713,
    1.0344711627803578,
    1.0346399135125417,
    1.0345400145596877,
    1.0345193883149313,
    1.0345163346739157,
    1.0345199644726026,
    1.0345422615279916,
    1.0345384589633877,
    1.0345317180190579,
    1.034544335648248,
    1.0345397264864753,
    1.0345309690225322,
    1.034518696925302,
    1.0345092478873925,
    1.0345280306463098,
    1.034478710772279,
    1.034557817328558,
    1.0345702618006052,
    1.0345246889534043,
    1.034521289634029,
    1.034528952490729,
    1.0345424919860031,
    1.0345480805770682,
    1.0345541300488335,
    1.0345599490311537,
    1.0345324093999848,
    1.0345578749421993,
    1.03454030263282,
    1.0345268783396306,
    1.0345398993304122,
    1.0345487719470603,
    1.0345542452765237,
    1.0345494633165904,
    1.034556319372755,
    1.034557414032978,
    1.0345699737358152,
    1.0345589119871963
  ],
  "train_mae": [
    7.967713356018066,
    0.8530082106590271,
    0.8143025040626526,
    0.8128490447998047,
    0.8122808337211609,
    0.8128179311752319,
    0.8129075169563293,
    0.8128558993339539,
    0.8135554194450378,
    0.8128731846809387,
    0.8129007816314697,
    0.8130261301994324,
    0.8128758668899536,
    0.8128906488418579,
    0.8128534555435181,
    0.8128353357315063,
    0.812873363494873,
    0.8129822015762329,
    0.8128651976585388,
    0.8128737211227417,
    0.8128666877746582,
    0.8128301501274109,
    0.8128947615623474,
    0.8128714561462402,
    0.8126565217971802,
    0.812872052192688,
    0.8128686547279358,
    0.812872052192688,
    0.8128647208213806,
    0.8128662109375,
    0.8128600120544434,
    0.8128750324249268,
    0.8128760457038879,
    0.812405526638031,
    0.812597393989563,
    0.8128678798675537,
    0.812862753868103,
    0.8128700852394104,
    0.8128675222396851,
    0.8128670454025269,
    0.8128681182861328,
    0.8128731846809387,
    0.8128691911697388,
    0.8128673434257507,
    0.8128690123558044,
    0.8128632307052612,
    0.8128678798675537,
    0.8128681182861328,
    0.8128648996353149,
    0.8128694295883179,
    0.8128675222396851,
    0.8128697872161865,
    0.8128713965415955
  ],